,Year_0,row_id,proj5zaf
0,2022,2022_84,CVS
1,2022,2022_145,CVS
2,2022,2022_186,CVS
3,2022,2022_456,CVS
4,2022,2022_597,CVS
5,2022,2022_627,CVS
6,2022,2022_673,CVS
7,2022,2022_743,CVS
8,2022,2022_861,CVS
9,2022,2022_84,SVN
10,2022,2022_107,SVN
11,2022,2022_132,SVN
12,2022,2022_135,SVN
13,2022,2022_143,SVN
14,2022,2022_145,SVN
15,2022,2022_146,SVN
16,2022,2022_149,SVN
17,2022,2022_156,SVN
18,2022,2022_164,SVN
19,2022,2022_186,SVN
20,2022,2022_202,SVN
21,2022,2022_218,SVN
22,2022,2022_220,SVN
23,2022,2022_221,SVN
24,2022,2022_248,SVN
25,2022,2022_249,SVN
26,2022,2022_263,SVN
27,2022,2022_268,SVN
28,2022,2022_272,SVN
29,2022,2022_281,SVN
30,2022,2022_306,SVN
31,2022,2022_325,SVN
32,2022,2022_334,SVN
33,2022,2022_341,SVN
34,2022,2022_381,SVN
35,2022,2022_382,SVN
36,2022,2022_389,SVN
37,2022,2022_404,SVN
38,2022,2022_406,SVN
39,2022,2022_418,SVN
40,2022,2022_426,SVN
41,2022,2022_428,SVN
42,2022,2022_437,SVN
43,2022,2022_453,SVN
44,2022,2022_468,SVN
45,2022,2022_526,SVN
46,2022,2022_548,SVN
47,2022,2022_552,SVN
48,2022,2022_561,SVN
49,2022,2022_570,SVN
50,2022,2022_597,SVN
51,2022,2022_621,SVN
52,2022,2022_627,SVN
53,2022,2022_652,SVN
54,2022,2022_655,SVN
55,2022,2022_665,SVN
56,2022,2022_670,SVN
57,2022,2022_678,SVN
58,2022,2022_681,SVN
59,2022,2022_690,SVN
60,2022,2022_692,SVN
61,2022,2022_726,SVN
62,2022,2022_729,SVN
63,2022,2022_777,SVN
64,2022,2022_816,SVN
65,2022,2022_828,SVN
66,2022,2022_842,SVN
67,2022,2022_848,SVN
68,2022,2022_866,SVN
69,2022,2022_878,SVN
70,2022,2022_887,SVN
71,2022,2022_903,SVN
72,2022,2022_914,SVN
73,2022,2022_933,SVN
74,2022,2022_934,SVN
75,2022,2022_941,SVN
76,2022,2022_985,SVN
77,2022,2022_991,SVN
78,2022,2022_992,SVN
79,2022,2022_0,Git
80,2022,2022_1,Git
81,2022,2022_2,Git
82,2022,2022_3,Git
83,2022,2022_5,Git
84,2022,2022_6,Git
85,2022,2022_7,Git
86,2022,2022_9,Git
87,2022,2022_10,Git
88,2022,2022_12,Git
89,2022,2022_13,Git
90,2022,2022_14,Git
91,2022,2022_15,Git
92,2022,2022_16,Git
93,2022,2022_17,Git
94,2022,2022_18,Git
95,2022,2022_19,Git
96,2022,2022_20,Git
97,2022,2022_21,Git
98,2022,2022_22,Git
99,2022,2022_23,Git
100,2022,2022_24,Git
101,2022,2022_25,Git
102,2022,2022_26,Git
103,2022,2022_27,Git
104,2022,2022_28,Git
105,2022,2022_29,Git
106,2022,2022_30,Git
107,2022,2022_32,Git
108,2022,2022_33,Git
109,2022,2022_35,Git
110,2022,2022_36,Git
111,2022,2022_38,Git
112,2022,2022_40,Git
113,2022,2022_41,Git
114,2022,2022_42,Git
115,2022,2022_43,Git
116,2022,2022_44,Git
117,2022,2022_45,Git
118,2022,2022_46,Git
119,2022,2022_47,Git
120,2022,2022_48,Git
121,2022,2022_49,Git
122,2022,2022_51,Git
123,2022,2022_52,Git
124,2022,2022_53,Git
125,2022,2022_54,Git
126,2022,2022_55,Git
127,2022,2022_56,Git
128,2022,2022_57,Git
129,2022,2022_60,Git
130,2022,2022_61,Git
131,2022,2022_62,Git
132,2022,2022_63,Git
133,2022,2022_64,Git
134,2022,2022_65,Git
135,2022,2022_66,Git
136,2022,2022_67,Git
137,2022,2022_69,Git
138,2022,2022_70,Git
139,2022,2022_71,Git
140,2022,2022_72,Git
141,2022,2022_73,Git
142,2022,2022_74,Git
143,2022,2022_75,Git
144,2022,2022_76,Git
145,2022,2022_77,Git
146,2022,2022_79,Git
147,2022,2022_80,Git
148,2022,2022_81,Git
149,2022,2022_82,Git
150,2022,2022_83,Git
151,2022,2022_84,Git
152,2022,2022_86,Git
153,2022,2022_87,Git
154,2022,2022_88,Git
155,2022,2022_89,Git
156,2022,2022_90,Git
157,2022,2022_91,Git
158,2022,2022_92,Git
159,2022,2022_93,Git
160,2022,2022_94,Git
161,2022,2022_95,Git
162,2022,2022_96,Git
163,2022,2022_97,Git
164,2022,2022_98,Git
165,2022,2022_99,Git
166,2022,2022_101,Git
167,2022,2022_103,Git
168,2022,2022_104,Git
169,2022,2022_106,Git
170,2022,2022_107,Git
171,2022,2022_108,Git
172,2022,2022_109,Git
173,2022,2022_110,Git
174,2022,2022_111,Git
175,2022,2022_112,Git
176,2022,2022_113,Git
177,2022,2022_114,Git
178,2022,2022_116,Git
179,2022,2022_117,Git
180,2022,2022_118,Git
181,2022,2022_121,Git
182,2022,2022_122,Git
183,2022,2022_123,Git
184,2022,2022_125,Git
185,2022,2022_128,Git
186,2022,2022_129,Git
187,2022,2022_130,Git
188,2022,2022_132,Git
189,2022,2022_133,Git
190,2022,2022_134,Git
191,2022,2022_135,Git
192,2022,2022_136,Git
193,2022,2022_137,Git
194,2022,2022_138,Git
195,2022,2022_139,Git
196,2022,2022_140,Git
197,2022,2022_141,Git
198,2022,2022_142,Git
199,2022,2022_143,Git
200,2022,2022_144,Git
201,2022,2022_145,Git
202,2022,2022_148,Git
203,2022,2022_149,Git
204,2022,2022_150,Git
205,2022,2022_151,Git
206,2022,2022_154,Git
207,2022,2022_155,Git
208,2022,2022_156,Git
209,2022,2022_157,Git
210,2022,2022_158,Git
211,2022,2022_159,Git
212,2022,2022_160,Git
213,2022,2022_162,Git
214,2022,2022_163,Git
215,2022,2022_165,Git
216,2022,2022_167,Git
217,2022,2022_168,Git
218,2022,2022_169,Git
219,2022,2022_170,Git
220,2022,2022_171,Git
221,2022,2022_172,Git
222,2022,2022_173,Git
223,2022,2022_174,Git
224,2022,2022_175,Git
225,2022,2022_176,Git
226,2022,2022_177,Git
227,2022,2022_178,Git
228,2022,2022_179,Git
229,2022,2022_180,Git
230,2022,2022_182,Git
231,2022,2022_183,Git
232,2022,2022_184,Git
233,2022,2022_185,Git
234,2022,2022_186,Git
235,2022,2022_189,Git
236,2022,2022_190,Git
237,2022,2022_191,Git
238,2022,2022_192,Git
239,2022,2022_193,Git
240,2022,2022_194,Git
241,2022,2022_196,Git
242,2022,2022_199,Git
243,2022,2022_200,Git
244,2022,2022_203,Git
245,2022,2022_204,Git
246,2022,2022_205,Git
247,2022,2022_206,Git
248,2022,2022_208,Git
249,2022,2022_209,Git
250,2022,2022_210,Git
251,2022,2022_211,Git
252,2022,2022_212,Git
253,2022,2022_213,Git
254,2022,2022_214,Git
255,2022,2022_215,Git
256,2022,2022_217,Git
257,2022,2022_218,Git
258,2022,2022_220,Git
259,2022,2022_221,Git
260,2022,2022_222,Git
261,2022,2022_223,Git
262,2022,2022_224,Git
263,2022,2022_225,Git
264,2022,2022_226,Git
265,2022,2022_227,Git
266,2022,2022_228,Git
267,2022,2022_229,Git
268,2022,2022_231,Git
269,2022,2022_232,Git
270,2022,2022_234,Git
271,2022,2022_235,Git
272,2022,2022_236,Git
273,2022,2022_239,Git
274,2022,2022_240,Git
275,2022,2022_241,Git
276,2022,2022_242,Git
277,2022,2022_243,Git
278,2022,2022_245,Git
279,2022,2022_247,Git
280,2022,2022_249,Git
281,2022,2022_250,Git
282,2022,2022_251,Git
283,2022,2022_252,Git
284,2022,2022_253,Git
285,2022,2022_254,Git
286,2022,2022_255,Git
287,2022,2022_258,Git
288,2022,2022_260,Git
289,2022,2022_263,Git
290,2022,2022_264,Git
291,2022,2022_265,Git
292,2022,2022_266,Git
293,2022,2022_267,Git
294,2022,2022_268,Git
295,2022,2022_269,Git
296,2022,2022_271,Git
297,2022,2022_272,Git
298,2022,2022_273,Git
299,2022,2022_274,Git
300,2022,2022_276,Git
301,2022,2022_277,Git
302,2022,2022_278,Git
303,2022,2022_279,Git
304,2022,2022_280,Git
305,2022,2022_281,Git
306,2022,2022_282,Git
307,2022,2022_284,Git
308,2022,2022_285,Git
309,2022,2022_286,Git
310,2022,2022_287,Git
311,2022,2022_289,Git
312,2022,2022_290,Git
313,2022,2022_291,Git
314,2022,2022_292,Git
315,2022,2022_293,Git
316,2022,2022_294,Git
317,2022,2022_295,Git
318,2022,2022_296,Git
319,2022,2022_297,Git
320,2022,2022_298,Git
321,2022,2022_299,Git
322,2022,2022_300,Git
323,2022,2022_301,Git
324,2022,2022_302,Git
325,2022,2022_303,Git
326,2022,2022_304,Git
327,2022,2022_305,Git
328,2022,2022_306,Git
329,2022,2022_307,Git
330,2022,2022_308,Git
331,2022,2022_310,Git
332,2022,2022_311,Git
333,2022,2022_312,Git
334,2022,2022_313,Git
335,2022,2022_315,Git
336,2022,2022_316,Git
337,2022,2022_317,Git
338,2022,2022_319,Git
339,2022,2022_320,Git
340,2022,2022_321,Git
341,2022,2022_325,Git
342,2022,2022_326,Git
343,2022,2022_327,Git
344,2022,2022_328,Git
345,2022,2022_329,Git
346,2022,2022_330,Git
347,2022,2022_331,Git
348,2022,2022_333,Git
349,2022,2022_334,Git
350,2022,2022_336,Git
351,2022,2022_337,Git
352,2022,2022_338,Git
353,2022,2022_339,Git
354,2022,2022_340,Git
355,2022,2022_341,Git
356,2022,2022_342,Git
357,2022,2022_343,Git
358,2022,2022_345,Git
359,2022,2022_346,Git
360,2022,2022_347,Git
361,2022,2022_350,Git
362,2022,2022_352,Git
363,2022,2022_353,Git
364,2022,2022_354,Git
365,2022,2022_355,Git
366,2022,2022_356,Git
367,2022,2022_357,Git
368,2022,2022_358,Git
369,2022,2022_359,Git
370,2022,2022_360,Git
371,2022,2022_361,Git
372,2022,2022_362,Git
373,2022,2022_363,Git
374,2022,2022_364,Git
375,2022,2022_365,Git
376,2022,2022_366,Git
377,2022,2022_367,Git
378,2022,2022_369,Git
379,2022,2022_370,Git
380,2022,2022_371,Git
381,2022,2022_372,Git
382,2022,2022_373,Git
383,2022,2022_374,Git
384,2022,2022_375,Git
385,2022,2022_376,Git
386,2022,2022_378,Git
387,2022,2022_379,Git
388,2022,2022_380,Git
389,2022,2022_381,Git
390,2022,2022_382,Git
391,2022,2022_383,Git
392,2022,2022_384,Git
393,2022,2022_385,Git
394,2022,2022_386,Git
395,2022,2022_387,Git
396,2022,2022_389,Git
397,2022,2022_390,Git
398,2022,2022_391,Git
399,2022,2022_392,Git
400,2022,2022_393,Git
401,2022,2022_394,Git
402,2022,2022_395,Git
403,2022,2022_396,Git
404,2022,2022_397,Git
405,2022,2022_398,Git
406,2022,2022_400,Git
407,2022,2022_401,Git
408,2022,2022_402,Git
409,2022,2022_403,Git
410,2022,2022_404,Git
411,2022,2022_405,Git
412,2022,2022_406,Git
413,2022,2022_408,Git
414,2022,2022_409,Git
415,2022,2022_410,Git
416,2022,2022_411,Git
417,2022,2022_412,Git
418,2022,2022_413,Git
419,2022,2022_414,Git
420,2022,2022_415,Git
421,2022,2022_416,Git
422,2022,2022_417,Git
423,2022,2022_418,Git
424,2022,2022_420,Git
425,2022,2022_421,Git
426,2022,2022_422,Git
427,2022,2022_423,Git
428,2022,2022_424,Git
429,2022,2022_425,Git
430,2022,2022_426,Git
431,2022,2022_428,Git
432,2022,2022_429,Git
433,2022,2022_431,Git
434,2022,2022_433,Git
435,2022,2022_434,Git
436,2022,2022_435,Git
437,2022,2022_436,Git
438,2022,2022_439,Git
439,2022,2022_440,Git
440,2022,2022_441,Git
441,2022,2022_442,Git
442,2022,2022_443,Git
443,2022,2022_444,Git
444,2022,2022_445,Git
445,2022,2022_446,Git
446,2022,2022_447,Git
447,2022,2022_448,Git
448,2022,2022_449,Git
449,2022,2022_450,Git
450,2022,2022_452,Git
451,2022,2022_453,Git
452,2022,2022_454,Git
453,2022,2022_456,Git
454,2022,2022_457,Git
455,2022,2022_458,Git
456,2022,2022_459,Git
457,2022,2022_460,Git
458,2022,2022_461,Git
459,2022,2022_462,Git
460,2022,2022_463,Git
461,2022,2022_464,Git
462,2022,2022_465,Git
463,2022,2022_466,Git
464,2022,2022_467,Git
465,2022,2022_468,Git
466,2022,2022_469,Git
467,2022,2022_470,Git
468,2022,2022_471,Git
469,2022,2022_473,Git
470,2022,2022_474,Git
471,2022,2022_475,Git
472,2022,2022_476,Git
473,2022,2022_477,Git
474,2022,2022_478,Git
475,2022,2022_479,Git
476,2022,2022_480,Git
477,2022,2022_481,Git
478,2022,2022_482,Git
479,2022,2022_483,Git
480,2022,2022_484,Git
481,2022,2022_486,Git
482,2022,2022_487,Git
483,2022,2022_490,Git
484,2022,2022_492,Git
485,2022,2022_493,Git
486,2022,2022_494,Git
487,2022,2022_495,Git
488,2022,2022_497,Git
489,2022,2022_498,Git
490,2022,2022_499,Git
491,2022,2022_501,Git
492,2022,2022_502,Git
493,2022,2022_503,Git
494,2022,2022_504,Git
495,2022,2022_505,Git
496,2022,2022_508,Git
497,2022,2022_510,Git
498,2022,2022_511,Git
499,2022,2022_514,Git
500,2022,2022_515,Git
501,2022,2022_516,Git
502,2022,2022_518,Git
503,2022,2022_519,Git
504,2022,2022_520,Git
505,2022,2022_521,Git
506,2022,2022_523,Git
507,2022,2022_524,Git
508,2022,2022_525,Git
509,2022,2022_526,Git
510,2022,2022_527,Git
511,2022,2022_529,Git
512,2022,2022_530,Git
513,2022,2022_531,Git
514,2022,2022_533,Git
515,2022,2022_534,Git
516,2022,2022_535,Git
517,2022,2022_538,Git
518,2022,2022_539,Git
519,2022,2022_540,Git
520,2022,2022_541,Git
521,2022,2022_542,Git
522,2022,2022_543,Git
523,2022,2022_544,Git
524,2022,2022_545,Git
525,2022,2022_546,Git
526,2022,2022_547,Git
527,2022,2022_548,Git
528,2022,2022_549,Git
529,2022,2022_552,Git
530,2022,2022_553,Git
531,2022,2022_555,Git
532,2022,2022_556,Git
533,2022,2022_557,Git
534,2022,2022_558,Git
535,2022,2022_559,Git
536,2022,2022_560,Git
537,2022,2022_561,Git
538,2022,2022_562,Git
539,2022,2022_563,Git
540,2022,2022_564,Git
541,2022,2022_566,Git
542,2022,2022_568,Git
543,2022,2022_569,Git
544,2022,2022_570,Git
545,2022,2022_571,Git
546,2022,2022_572,Git
547,2022,2022_573,Git
548,2022,2022_574,Git
549,2022,2022_575,Git
550,2022,2022_576,Git
551,2022,2022_578,Git
552,2022,2022_579,Git
553,2022,2022_581,Git
554,2022,2022_582,Git
555,2022,2022_585,Git
556,2022,2022_586,Git
557,2022,2022_588,Git
558,2022,2022_589,Git
559,2022,2022_590,Git
560,2022,2022_591,Git
561,2022,2022_593,Git
562,2022,2022_594,Git
563,2022,2022_595,Git
564,2022,2022_596,Git
565,2022,2022_597,Git
566,2022,2022_598,Git
567,2022,2022_599,Git
568,2022,2022_600,Git
569,2022,2022_601,Git
570,2022,2022_602,Git
571,2022,2022_603,Git
572,2022,2022_604,Git
573,2022,2022_606,Git
574,2022,2022_607,Git
575,2022,2022_609,Git
576,2022,2022_610,Git
577,2022,2022_612,Git
578,2022,2022_614,Git
579,2022,2022_615,Git
580,2022,2022_616,Git
581,2022,2022_617,Git
582,2022,2022_618,Git
583,2022,2022_619,Git
584,2022,2022_620,Git
585,2022,2022_621,Git
586,2022,2022_622,Git
587,2022,2022_623,Git
588,2022,2022_624,Git
589,2022,2022_625,Git
590,2022,2022_626,Git
591,2022,2022_627,Git
592,2022,2022_628,Git
593,2022,2022_629,Git
594,2022,2022_631,Git
595,2022,2022_632,Git
596,2022,2022_633,Git
597,2022,2022_634,Git
598,2022,2022_635,Git
599,2022,2022_637,Git
600,2022,2022_638,Git
601,2022,2022_640,Git
602,2022,2022_641,Git
603,2022,2022_642,Git
604,2022,2022_643,Git
605,2022,2022_644,Git
606,2022,2022_645,Git
607,2022,2022_647,Git
608,2022,2022_648,Git
609,2022,2022_649,Git
610,2022,2022_651,Git
611,2022,2022_652,Git
612,2022,2022_653,Git
613,2022,2022_655,Git
614,2022,2022_657,Git
615,2022,2022_658,Git
616,2022,2022_659,Git
617,2022,2022_662,Git
618,2022,2022_664,Git
619,2022,2022_665,Git
620,2022,2022_666,Git
621,2022,2022_668,Git
622,2022,2022_669,Git
623,2022,2022_670,Git
624,2022,2022_671,Git
625,2022,2022_672,Git
626,2022,2022_673,Git
627,2022,2022_676,Git
628,2022,2022_677,Git
629,2022,2022_678,Git
630,2022,2022_679,Git
631,2022,2022_680,Git
632,2022,2022_681,Git
633,2022,2022_682,Git
634,2022,2022_683,Git
635,2022,2022_684,Git
636,2022,2022_685,Git
637,2022,2022_687,Git
638,2022,2022_688,Git
639,2022,2022_689,Git
640,2022,2022_690,Git
641,2022,2022_691,Git
642,2022,2022_692,Git
643,2022,2022_693,Git
644,2022,2022_694,Git
645,2022,2022_695,Git
646,2022,2022_696,Git
647,2022,2022_697,Git
648,2022,2022_698,Git
649,2022,2022_699,Git
650,2022,2022_701,Git
651,2022,2022_702,Git
652,2022,2022_703,Git
653,2022,2022_704,Git
654,2022,2022_705,Git
655,2022,2022_706,Git
656,2022,2022_708,Git
657,2022,2022_709,Git
658,2022,2022_710,Git
659,2022,2022_711,Git
660,2022,2022_712,Git
661,2022,2022_713,Git
662,2022,2022_714,Git
663,2022,2022_717,Git
664,2022,2022_718,Git
665,2022,2022_719,Git
666,2022,2022_722,Git
667,2022,2022_723,Git
668,2022,2022_724,Git
669,2022,2022_725,Git
670,2022,2022_726,Git
671,2022,2022_727,Git
672,2022,2022_728,Git
673,2022,2022_729,Git
674,2022,2022_730,Git
675,2022,2022_731,Git
676,2022,2022_732,Git
677,2022,2022_733,Git
678,2022,2022_734,Git
679,2022,2022_735,Git
680,2022,2022_736,Git
681,2022,2022_738,Git
682,2022,2022_739,Git
683,2022,2022_740,Git
684,2022,2022_742,Git
685,2022,2022_743,Git
686,2022,2022_744,Git
687,2022,2022_745,Git
688,2022,2022_746,Git
689,2022,2022_747,Git
690,2022,2022_749,Git
691,2022,2022_750,Git
692,2022,2022_751,Git
693,2022,2022_752,Git
694,2022,2022_754,Git
695,2022,2022_755,Git
696,2022,2022_757,Git
697,2022,2022_758,Git
698,2022,2022_759,Git
699,2022,2022_760,Git
700,2022,2022_761,Git
701,2022,2022_763,Git
702,2022,2022_764,Git
703,2022,2022_765,Git
704,2022,2022_766,Git
705,2022,2022_767,Git
706,2022,2022_768,Git
707,2022,2022_769,Git
708,2022,2022_770,Git
709,2022,2022_771,Git
710,2022,2022_772,Git
711,2022,2022_773,Git
712,2022,2022_775,Git
713,2022,2022_776,Git
714,2022,2022_777,Git
715,2022,2022_780,Git
716,2022,2022_781,Git
717,2022,2022_782,Git
718,2022,2022_784,Git
719,2022,2022_785,Git
720,2022,2022_786,Git
721,2022,2022_787,Git
722,2022,2022_788,Git
723,2022,2022_789,Git
724,2022,2022_790,Git
725,2022,2022_791,Git
726,2022,2022_793,Git
727,2022,2022_794,Git
728,2022,2022_795,Git
729,2022,2022_796,Git
730,2022,2022_799,Git
731,2022,2022_800,Git
732,2022,2022_802,Git
733,2022,2022_803,Git
734,2022,2022_804,Git
735,2022,2022_805,Git
736,2022,2022_806,Git
737,2022,2022_807,Git
738,2022,2022_808,Git
739,2022,2022_809,Git
740,2022,2022_810,Git
741,2022,2022_812,Git
742,2022,2022_813,Git
743,2022,2022_814,Git
744,2022,2022_815,Git
745,2022,2022_816,Git
746,2022,2022_817,Git
747,2022,2022_818,Git
748,2022,2022_819,Git
749,2022,2022_820,Git
750,2022,2022_821,Git
751,2022,2022_822,Git
752,2022,2022_823,Git
753,2022,2022_824,Git
754,2022,2022_825,Git
755,2022,2022_828,Git
756,2022,2022_829,Git
757,2022,2022_830,Git
758,2022,2022_831,Git
759,2022,2022_832,Git
760,2022,2022_833,Git
761,2022,2022_834,Git
762,2022,2022_836,Git
763,2022,2022_838,Git
764,2022,2022_840,Git
765,2022,2022_841,Git
766,2022,2022_843,Git
767,2022,2022_845,Git
768,2022,2022_846,Git
769,2022,2022_847,Git
770,2022,2022_848,Git
771,2022,2022_849,Git
772,2022,2022_850,Git
773,2022,2022_851,Git
774,2022,2022_852,Git
775,2022,2022_854,Git
776,2022,2022_855,Git
777,2022,2022_856,Git
778,2022,2022_857,Git
779,2022,2022_858,Git
780,2022,2022_859,Git
781,2022,2022_863,Git
782,2022,2022_864,Git
783,2022,2022_865,Git
784,2022,2022_867,Git
785,2022,2022_868,Git
786,2022,2022_869,Git
787,2022,2022_872,Git
788,2022,2022_873,Git
789,2022,2022_876,Git
790,2022,2022_878,Git
791,2022,2022_879,Git
792,2022,2022_880,Git
793,2022,2022_881,Git
794,2022,2022_882,Git
795,2022,2022_883,Git
796,2022,2022_884,Git
797,2022,2022_887,Git
798,2022,2022_888,Git
799,2022,2022_890,Git
800,2022,2022_891,Git
801,2022,2022_892,Git
802,2022,2022_893,Git
803,2022,2022_895,Git
804,2022,2022_896,Git
805,2022,2022_897,Git
806,2022,2022_898,Git
807,2022,2022_899,Git
808,2022,2022_900,Git
809,2022,2022_901,Git
810,2022,2022_903,Git
811,2022,2022_904,Git
812,2022,2022_905,Git
813,2022,2022_906,Git
814,2022,2022_907,Git
815,2022,2022_908,Git
816,2022,2022_910,Git
817,2022,2022_911,Git
818,2022,2022_912,Git
819,2022,2022_913,Git
820,2022,2022_914,Git
821,2022,2022_915,Git
822,2022,2022_917,Git
823,2022,2022_918,Git
824,2022,2022_919,Git
825,2022,2022_920,Git
826,2022,2022_921,Git
827,2022,2022_922,Git
828,2022,2022_923,Git
829,2022,2022_924,Git
830,2022,2022_925,Git
831,2022,2022_927,Git
832,2022,2022_928,Git
833,2022,2022_929,Git
834,2022,2022_930,Git
835,2022,2022_931,Git
836,2022,2022_933,Git
837,2022,2022_934,Git
838,2022,2022_935,Git
839,2022,2022_936,Git
840,2022,2022_937,Git
841,2022,2022_938,Git
842,2022,2022_939,Git
843,2022,2022_940,Git
844,2022,2022_941,Git
845,2022,2022_943,Git
846,2022,2022_944,Git
847,2022,2022_945,Git
848,2022,2022_946,Git
849,2022,2022_947,Git
850,2022,2022_949,Git
851,2022,2022_950,Git
852,2022,2022_953,Git
853,2022,2022_954,Git
854,2022,2022_955,Git
855,2022,2022_956,Git
856,2022,2022_957,Git
857,2022,2022_958,Git
858,2022,2022_959,Git
859,2022,2022_960,Git
860,2022,2022_962,Git
861,2022,2022_963,Git
862,2022,2022_965,Git
863,2022,2022_966,Git
864,2022,2022_967,Git
865,2022,2022_968,Git
866,2022,2022_969,Git
867,2022,2022_970,Git
868,2022,2022_971,Git
869,2022,2022_972,Git
870,2022,2022_973,Git
871,2022,2022_974,Git
872,2022,2022_975,Git
873,2022,2022_976,Git
874,2022,2022_977,Git
875,2022,2022_978,Git
876,2022,2022_979,Git
877,2022,2022_980,Git
878,2022,2022_983,Git
879,2022,2022_984,Git
880,2022,2022_987,Git
881,2022,2022_988,Git
882,2022,2022_990,Git
883,2022,2022_991,Git
884,2022,2022_992,Git
885,2022,2022_993,Git
886,2022,2022_994,Git
887,2022,2022_996,Git
888,2022,2022_997,Git
889,2022,2022_998,Git
890,2022,2022_999,Git
891,2022,2022_1000,Git
892,2022,2022_1001,Git
893,2022,2022_1002,Git
894,2022,2022_22,Mercurial
895,2022,2022_84,Mercurial
896,2022,2022_108,Mercurial
897,2022,2022_145,Mercurial
898,2022,2022_273,Mercurial
899,2022,2022_469,Mercurial
900,2022,2022_519,Mercurial
901,2022,2022_525,Mercurial
902,2022,2022_743,Mercurial
903,2022,2022_956,Mercurial
904,2022,2022_8,None
905,2022,2022_67,None
906,2022,2022_153,None
907,2022,2022_246,None
908,2022,2022_261,None
909,2022,2022_275,None
910,2022,2022_280,None
911,2022,2022_314,None
912,2022,2022_348,None
913,2022,2022_419,None
914,2022,2022_430,None
915,2022,2022_472,None
916,2022,2022_504,None
917,2022,2022_555,None
918,2022,2022_601,None
919,2022,2022_606,None
920,2022,2022_618,None
921,2022,2022_630,None
922,2022,2022_636,None
923,2022,2022_639,None
924,2022,2022_660,None
925,2022,2022_676,None
926,2022,2022_778,None
927,2022,2022_779,None
928,2022,2022_783,None
929,2022,2022_801,None
930,2022,2022_807,None
931,2022,2022_885,None
932,2022,2022_894,None
933,2022,2022_981,None
