,Year_0,row_id,tool4can
0,2022,2022_47,Assembly
1,2022,2022_190,Assembly
2,2022,2022_213,Assembly
3,2022,2022_290,Assembly
4,2022,2022_293,Assembly
5,2022,2022_307,Assembly
6,2022,2022_321,Assembly
7,2022,2022_420,Assembly
8,2022,2022_469,Assembly
9,2022,2022_591,Assembly
10,2022,2022_841,Assembly
11,2022,2022_896,Assembly
12,2022,2022_945,Assembly
13,2022,2022_14,C
14,2022,2022_17,C
15,2022,2022_22,C
16,2022,2022_23,C
17,2022,2022_26,C
18,2022,2022_30,C
19,2022,2022_48,C
20,2022,2022_64,C
21,2022,2022_65,C
22,2022,2022_67,C
23,2022,2022_70,C
24,2022,2022_72,C
25,2022,2022_74,C
26,2022,2022_89,C
27,2022,2022_100,C
28,2022,2022_106,C
29,2022,2022_108,C
30,2022,2022_109,C
31,2022,2022_110,C
32,2022,2022_121,C
33,2022,2022_123,C
34,2022,2022_125,C
35,2022,2022_134,C
36,2022,2022_136,C
37,2022,2022_139,C
38,2022,2022_145,C
39,2022,2022_151,C
40,2022,2022_156,C
41,2022,2022_157,C
42,2022,2022_159,C
43,2022,2022_163,C
44,2022,2022_182,C
45,2022,2022_190,C
46,2022,2022_192,C
47,2022,2022_194,C
48,2022,2022_203,C
49,2022,2022_213,C
50,2022,2022_225,C
51,2022,2022_226,C
52,2022,2022_227,C
53,2022,2022_240,C
54,2022,2022_246,C
55,2022,2022_247,C
56,2022,2022_253,C
57,2022,2022_258,C
58,2022,2022_263,C
59,2022,2022_264,C
60,2022,2022_272,C
61,2022,2022_277,C
62,2022,2022_281,C
63,2022,2022_290,C
64,2022,2022_293,C
65,2022,2022_300,C
66,2022,2022_301,C
67,2022,2022_305,C
68,2022,2022_307,C
69,2022,2022_308,C
70,2022,2022_311,C
71,2022,2022_312,C
72,2022,2022_315,C
73,2022,2022_331,C
74,2022,2022_339,C
75,2022,2022_341,C
76,2022,2022_343,C
77,2022,2022_347,C
78,2022,2022_355,C
79,2022,2022_361,C
80,2022,2022_383,C
81,2022,2022_392,C
82,2022,2022_397,C
83,2022,2022_404,C
84,2022,2022_406,C
85,2022,2022_415,C
86,2022,2022_420,C
87,2022,2022_423,C
88,2022,2022_424,C
89,2022,2022_425,C
90,2022,2022_430,C
91,2022,2022_445,C
92,2022,2022_456,C
93,2022,2022_457,C
94,2022,2022_460,C
95,2022,2022_467,C
96,2022,2022_468,C
97,2022,2022_469,C
98,2022,2022_479,C
99,2022,2022_481,C
100,2022,2022_482,C
101,2022,2022_486,C
102,2022,2022_487,C
103,2022,2022_490,C
104,2022,2022_495,C
105,2022,2022_498,C
106,2022,2022_502,C
107,2022,2022_508,C
108,2022,2022_511,C
109,2022,2022_514,C
110,2022,2022_515,C
111,2022,2022_519,C
112,2022,2022_525,C
113,2022,2022_539,C
114,2022,2022_548,C
115,2022,2022_552,C
116,2022,2022_557,C
117,2022,2022_563,C
118,2022,2022_564,C
119,2022,2022_576,C
120,2022,2022_585,C
121,2022,2022_590,C
122,2022,2022_591,C
123,2022,2022_597,C
124,2022,2022_604,C
125,2022,2022_615,C
126,2022,2022_619,C
127,2022,2022_622,C
128,2022,2022_626,C
129,2022,2022_627,C
130,2022,2022_632,C
131,2022,2022_637,C
132,2022,2022_640,C
133,2022,2022_642,C
134,2022,2022_649,C
135,2022,2022_652,C
136,2022,2022_653,C
137,2022,2022_657,C
138,2022,2022_662,C
139,2022,2022_664,C
140,2022,2022_665,C
141,2022,2022_668,C
142,2022,2022_679,C
143,2022,2022_681,C
144,2022,2022_690,C
145,2022,2022_691,C
146,2022,2022_692,C
147,2022,2022_696,C
148,2022,2022_698,C
149,2022,2022_699,C
150,2022,2022_702,C
151,2022,2022_717,C
152,2022,2022_722,C
153,2022,2022_729,C
154,2022,2022_730,C
155,2022,2022_738,C
156,2022,2022_740,C
157,2022,2022_742,C
158,2022,2022_743,C
159,2022,2022_745,C
160,2022,2022_746,C
161,2022,2022_751,C
162,2022,2022_758,C
163,2022,2022_761,C
164,2022,2022_773,C
165,2022,2022_776,C
166,2022,2022_783,C
167,2022,2022_794,C
168,2022,2022_800,C
169,2022,2022_803,C
170,2022,2022_813,C
171,2022,2022_814,C
172,2022,2022_824,C
173,2022,2022_828,C
174,2022,2022_830,C
175,2022,2022_840,C
176,2022,2022_841,C
177,2022,2022_842,C
178,2022,2022_846,C
179,2022,2022_848,C
180,2022,2022_849,C
181,2022,2022_854,C
182,2022,2022_861,C
183,2022,2022_864,C
184,2022,2022_867,C
185,2022,2022_872,C
186,2022,2022_879,C
187,2022,2022_887,C
188,2022,2022_892,C
189,2022,2022_895,C
190,2022,2022_896,C
191,2022,2022_912,C
192,2022,2022_914,C
193,2022,2022_915,C
194,2022,2022_918,C
195,2022,2022_928,C
196,2022,2022_930,C
197,2022,2022_935,C
198,2022,2022_946,C
199,2022,2022_949,C
200,2022,2022_950,C
201,2022,2022_957,C
202,2022,2022_967,C
203,2022,2022_978,C
204,2022,2022_979,C
205,2022,2022_1001,C
206,2022,2022_10,C#
207,2022,2022_17,C#
208,2022,2022_19,C#
209,2022,2022_22,C#
210,2022,2022_154,C#
211,2022,2022_162,C#
212,2022,2022_240,C#
213,2022,2022_299,C#
214,2022,2022_375,C#
215,2022,2022_386,C#
216,2022,2022_394,C#
217,2022,2022_410,C#
218,2022,2022_415,C#
219,2022,2022_472,C#
220,2022,2022_481,C#
221,2022,2022_499,C#
222,2022,2022_546,C#
223,2022,2022_562,C#
224,2022,2022_577,C#
225,2022,2022_606,C#
226,2022,2022_677,C#
227,2022,2022_747,C#
228,2022,2022_777,C#
229,2022,2022_806,C#
230,2022,2022_825,C#
231,2022,2022_828,C#
232,2022,2022_832,C#
233,2022,2022_842,C#
234,2022,2022_879,C#
235,2022,2022_903,C#
236,2022,2022_915,C#
237,2022,2022_918,C#
238,2022,2022_925,C#
239,2022,2022_937,C#
240,2022,2022_946,C#
241,2022,2022_956,C#
242,2022,2022_960,C#
243,2022,2022_962,C#
244,2022,2022_981,C#
245,2022,2022_992,C#
246,2022,2022_1002,C#
247,2022,2022_3,C++
248,2022,2022_6,C++
249,2022,2022_13,C++
250,2022,2022_14,C++
251,2022,2022_15,C++
252,2022,2022_17,C++
253,2022,2022_18,C++
254,2022,2022_19,C++
255,2022,2022_22,C++
256,2022,2022_26,C++
257,2022,2022_30,C++
258,2022,2022_33,C++
259,2022,2022_38,C++
260,2022,2022_40,C++
261,2022,2022_45,C++
262,2022,2022_47,C++
263,2022,2022_51,C++
264,2022,2022_60,C++
265,2022,2022_65,C++
266,2022,2022_67,C++
267,2022,2022_69,C++
268,2022,2022_70,C++
269,2022,2022_72,C++
270,2022,2022_89,C++
271,2022,2022_94,C++
272,2022,2022_97,C++
273,2022,2022_99,C++
274,2022,2022_103,C++
275,2022,2022_106,C++
276,2022,2022_107,C++
277,2022,2022_108,C++
278,2022,2022_109,C++
279,2022,2022_110,C++
280,2022,2022_111,C++
281,2022,2022_112,C++
282,2022,2022_116,C++
283,2022,2022_122,C++
284,2022,2022_123,C++
285,2022,2022_125,C++
286,2022,2022_129,C++
287,2022,2022_132,C++
288,2022,2022_134,C++
289,2022,2022_137,C++
290,2022,2022_138,C++
291,2022,2022_139,C++
292,2022,2022_140,C++
293,2022,2022_141,C++
294,2022,2022_145,C++
295,2022,2022_151,C++
296,2022,2022_155,C++
297,2022,2022_158,C++
298,2022,2022_159,C++
299,2022,2022_163,C++
300,2022,2022_167,C++
301,2022,2022_171,C++
302,2022,2022_176,C++
303,2022,2022_177,C++
304,2022,2022_179,C++
305,2022,2022_182,C++
306,2022,2022_184,C++
307,2022,2022_189,C++
308,2022,2022_190,C++
309,2022,2022_194,C++
310,2022,2022_203,C++
311,2022,2022_205,C++
312,2022,2022_209,C++
313,2022,2022_213,C++
314,2022,2022_214,C++
315,2022,2022_215,C++
316,2022,2022_225,C++
317,2022,2022_226,C++
318,2022,2022_227,C++
319,2022,2022_231,C++
320,2022,2022_235,C++
321,2022,2022_239,C++
322,2022,2022_240,C++
323,2022,2022_241,C++
324,2022,2022_243,C++
325,2022,2022_245,C++
326,2022,2022_263,C++
327,2022,2022_264,C++
328,2022,2022_265,C++
329,2022,2022_266,C++
330,2022,2022_271,C++
331,2022,2022_272,C++
332,2022,2022_274,C++
333,2022,2022_277,C++
334,2022,2022_278,C++
335,2022,2022_281,C++
336,2022,2022_285,C++
337,2022,2022_290,C++
338,2022,2022_292,C++
339,2022,2022_297,C++
340,2022,2022_298,C++
341,2022,2022_300,C++
342,2022,2022_301,C++
343,2022,2022_302,C++
344,2022,2022_304,C++
345,2022,2022_305,C++
346,2022,2022_306,C++
347,2022,2022_307,C++
348,2022,2022_308,C++
349,2022,2022_310,C++
350,2022,2022_311,C++
351,2022,2022_314,C++
352,2022,2022_331,C++
353,2022,2022_334,C++
354,2022,2022_337,C++
355,2022,2022_339,C++
356,2022,2022_340,C++
357,2022,2022_342,C++
358,2022,2022_347,C++
359,2022,2022_355,C++
360,2022,2022_358,C++
361,2022,2022_363,C++
362,2022,2022_365,C++
363,2022,2022_367,C++
364,2022,2022_370,C++
365,2022,2022_373,C++
366,2022,2022_379,C++
367,2022,2022_385,C++
368,2022,2022_390,C++
369,2022,2022_391,C++
370,2022,2022_393,C++
371,2022,2022_398,C++
372,2022,2022_404,C++
373,2022,2022_405,C++
374,2022,2022_406,C++
375,2022,2022_408,C++
376,2022,2022_409,C++
377,2022,2022_410,C++
378,2022,2022_415,C++
379,2022,2022_417,C++
380,2022,2022_418,C++
381,2022,2022_420,C++
382,2022,2022_421,C++
383,2022,2022_423,C++
384,2022,2022_424,C++
385,2022,2022_425,C++
386,2022,2022_433,C++
387,2022,2022_435,C++
388,2022,2022_445,C++
389,2022,2022_452,C++
390,2022,2022_456,C++
391,2022,2022_457,C++
392,2022,2022_458,C++
393,2022,2022_459,C++
394,2022,2022_461,C++
395,2022,2022_465,C++
396,2022,2022_467,C++
397,2022,2022_469,C++
398,2022,2022_475,C++
399,2022,2022_481,C++
400,2022,2022_482,C++
401,2022,2022_487,C++
402,2022,2022_492,C++
403,2022,2022_495,C++
404,2022,2022_502,C++
405,2022,2022_503,C++
406,2022,2022_508,C++
407,2022,2022_511,C++
408,2022,2022_514,C++
409,2022,2022_519,C++
410,2022,2022_524,C++
411,2022,2022_525,C++
412,2022,2022_526,C++
413,2022,2022_529,C++
414,2022,2022_538,C++
415,2022,2022_539,C++
416,2022,2022_547,C++
417,2022,2022_548,C++
418,2022,2022_552,C++
419,2022,2022_553,C++
420,2022,2022_557,C++
421,2022,2022_561,C++
422,2022,2022_562,C++
423,2022,2022_564,C++
424,2022,2022_570,C++
425,2022,2022_576,C++
426,2022,2022_585,C++
427,2022,2022_588,C++
428,2022,2022_589,C++
429,2022,2022_590,C++
430,2022,2022_591,C++
431,2022,2022_597,C++
432,2022,2022_598,C++
433,2022,2022_601,C++
434,2022,2022_604,C++
435,2022,2022_606,C++
436,2022,2022_607,C++
437,2022,2022_610,C++
438,2022,2022_615,C++
439,2022,2022_616,C++
440,2022,2022_619,C++
441,2022,2022_622,C++
442,2022,2022_627,C++
443,2022,2022_632,C++
444,2022,2022_637,C++
445,2022,2022_638,C++
446,2022,2022_640,C++
447,2022,2022_642,C++
448,2022,2022_649,C++
449,2022,2022_651,C++
450,2022,2022_652,C++
451,2022,2022_653,C++
452,2022,2022_662,C++
453,2022,2022_664,C++
454,2022,2022_666,C++
455,2022,2022_668,C++
456,2022,2022_670,C++
457,2022,2022_678,C++
458,2022,2022_681,C++
459,2022,2022_682,C++
460,2022,2022_692,C++
461,2022,2022_694,C++
462,2022,2022_696,C++
463,2022,2022_698,C++
464,2022,2022_699,C++
465,2022,2022_702,C++
466,2022,2022_709,C++
467,2022,2022_722,C++
468,2022,2022_724,C++
469,2022,2022_728,C++
470,2022,2022_729,C++
471,2022,2022_730,C++
472,2022,2022_733,C++
473,2022,2022_734,C++
474,2022,2022_739,C++
475,2022,2022_740,C++
476,2022,2022_742,C++
477,2022,2022_743,C++
478,2022,2022_745,C++
479,2022,2022_746,C++
480,2022,2022_750,C++
481,2022,2022_751,C++
482,2022,2022_755,C++
483,2022,2022_761,C++
484,2022,2022_764,C++
485,2022,2022_766,C++
486,2022,2022_769,C++
487,2022,2022_772,C++
488,2022,2022_776,C++
489,2022,2022_777,C++
490,2022,2022_778,C++
491,2022,2022_780,C++
492,2022,2022_781,C++
493,2022,2022_784,C++
494,2022,2022_786,C++
495,2022,2022_791,C++
496,2022,2022_796,C++
497,2022,2022_800,C++
498,2022,2022_803,C++
499,2022,2022_813,C++
500,2022,2022_814,C++
501,2022,2022_820,C++
502,2022,2022_822,C++
503,2022,2022_828,C++
504,2022,2022_830,C++
505,2022,2022_840,C++
506,2022,2022_846,C++
507,2022,2022_848,C++
508,2022,2022_849,C++
509,2022,2022_852,C++
510,2022,2022_854,C++
511,2022,2022_855,C++
512,2022,2022_863,C++
513,2022,2022_864,C++
514,2022,2022_872,C++
515,2022,2022_874,C++
516,2022,2022_876,C++
517,2022,2022_879,C++
518,2022,2022_883,C++
519,2022,2022_888,C++
520,2022,2022_891,C++
521,2022,2022_892,C++
522,2022,2022_895,C++
523,2022,2022_896,C++
524,2022,2022_900,C++
525,2022,2022_901,C++
526,2022,2022_904,C++
527,2022,2022_912,C++
528,2022,2022_922,C++
529,2022,2022_923,C++
530,2022,2022_925,C++
531,2022,2022_931,C++
532,2022,2022_934,C++
533,2022,2022_935,C++
534,2022,2022_938,C++
535,2022,2022_941,C++
536,2022,2022_946,C++
537,2022,2022_947,C++
538,2022,2022_956,C++
539,2022,2022_958,C++
540,2022,2022_971,C++
541,2022,2022_983,C++
542,2022,2022_984,C++
543,2022,2022_985,C++
544,2022,2022_987,C++
545,2022,2022_994,C++
546,2022,2022_997,C++
547,2022,2022_1001,C++
548,2022,2022_429,Clojure
549,2022,2022_504,Clojure
550,2022,2022_178,CoffeeScript
551,2022,2022_5,Common Lisp
552,2022,2022_93,Common Lisp
553,2022,2022_145,Common Lisp
554,2022,2022_418,Common Lisp
555,2022,2022_420,Common Lisp
556,2022,2022_498,Common Lisp
557,2022,2022_717,Common Lisp
558,2022,2022_761,Common Lisp
559,2022,2022_929,Common Lisp
560,2022,2022_286,Dart
561,2022,2022_421,Dart
562,2022,2022_962,Dart
563,2022,2022_378,Elixir
564,2022,2022_21,F#
565,2022,2022_287,F#
566,2022,2022_418,F#
567,2022,2022_925,F#
568,2022,2022_13,Fortran
569,2022,2022_15,Fortran
570,2022,2022_19,Fortran
571,2022,2022_26,Fortran
572,2022,2022_27,Fortran
573,2022,2022_45,Fortran
574,2022,2022_51,Fortran
575,2022,2022_54,Fortran
576,2022,2022_57,Fortran
577,2022,2022_65,Fortran
578,2022,2022_71,Fortran
579,2022,2022_82,Fortran
580,2022,2022_84,Fortran
581,2022,2022_89,Fortran
582,2022,2022_98,Fortran
583,2022,2022_103,Fortran
584,2022,2022_108,Fortran
585,2022,2022_111,Fortran
586,2022,2022_125,Fortran
587,2022,2022_136,Fortran
588,2022,2022_163,Fortran
589,2022,2022_175,Fortran
590,2022,2022_178,Fortran
591,2022,2022_182,Fortran
592,2022,2022_202,Fortran
593,2022,2022_203,Fortran
594,2022,2022_213,Fortran
595,2022,2022_225,Fortran
596,2022,2022_234,Fortran
597,2022,2022_239,Fortran
598,2022,2022_242,Fortran
599,2022,2022_246,Fortran
600,2022,2022_248,Fortran
601,2022,2022_249,Fortran
602,2022,2022_253,Fortran
603,2022,2022_254,Fortran
604,2022,2022_255,Fortran
605,2022,2022_258,Fortran
606,2022,2022_260,Fortran
607,2022,2022_261,Fortran
608,2022,2022_272,Fortran
609,2022,2022_275,Fortran
610,2022,2022_280,Fortran
611,2022,2022_281,Fortran
612,2022,2022_284,Fortran
613,2022,2022_290,Fortran
614,2022,2022_302,Fortran
615,2022,2022_306,Fortran
616,2022,2022_308,Fortran
617,2022,2022_311,Fortran
618,2022,2022_317,Fortran
619,2022,2022_331,Fortran
620,2022,2022_333,Fortran
621,2022,2022_334,Fortran
622,2022,2022_343,Fortran
623,2022,2022_345,Fortran
624,2022,2022_347,Fortran
625,2022,2022_348,Fortran
626,2022,2022_357,Fortran
627,2022,2022_358,Fortran
628,2022,2022_360,Fortran
629,2022,2022_361,Fortran
630,2022,2022_365,Fortran
631,2022,2022_367,Fortran
632,2022,2022_369,Fortran
633,2022,2022_373,Fortran
634,2022,2022_375,Fortran
635,2022,2022_379,Fortran
636,2022,2022_387,Fortran
637,2022,2022_392,Fortran
638,2022,2022_393,Fortran
639,2022,2022_403,Fortran
640,2022,2022_404,Fortran
641,2022,2022_405,Fortran
642,2022,2022_406,Fortran
643,2022,2022_409,Fortran
644,2022,2022_419,Fortran
645,2022,2022_420,Fortran
646,2022,2022_423,Fortran
647,2022,2022_425,Fortran
648,2022,2022_426,Fortran
649,2022,2022_430,Fortran
650,2022,2022_435,Fortran
651,2022,2022_452,Fortran
652,2022,2022_457,Fortran
653,2022,2022_460,Fortran
654,2022,2022_461,Fortran
655,2022,2022_467,Fortran
656,2022,2022_468,Fortran
657,2022,2022_469,Fortran
658,2022,2022_470,Fortran
659,2022,2022_471,Fortran
660,2022,2022_475,Fortran
661,2022,2022_479,Fortran
662,2022,2022_481,Fortran
663,2022,2022_482,Fortran
664,2022,2022_487,Fortran
665,2022,2022_495,Fortran
666,2022,2022_502,Fortran
667,2022,2022_520,Fortran
668,2022,2022_525,Fortran
669,2022,2022_526,Fortran
670,2022,2022_535,Fortran
671,2022,2022_552,Fortran
672,2022,2022_557,Fortran
673,2022,2022_561,Fortran
674,2022,2022_563,Fortran
675,2022,2022_564,Fortran
676,2022,2022_576,Fortran
677,2022,2022_590,Fortran
678,2022,2022_597,Fortran
679,2022,2022_615,Fortran
680,2022,2022_619,Fortran
681,2022,2022_622,Fortran
682,2022,2022_636,Fortran
683,2022,2022_637,Fortran
684,2022,2022_638,Fortran
685,2022,2022_640,Fortran
686,2022,2022_648,Fortran
687,2022,2022_649,Fortran
688,2022,2022_651,Fortran
689,2022,2022_652,Fortran
690,2022,2022_655,Fortran
691,2022,2022_657,Fortran
692,2022,2022_668,Fortran
693,2022,2022_681,Fortran
694,2022,2022_690,Fortran
695,2022,2022_692,Fortran
696,2022,2022_696,Fortran
697,2022,2022_699,Fortran
698,2022,2022_717,Fortran
699,2022,2022_718,Fortran
700,2022,2022_722,Fortran
701,2022,2022_726,Fortran
702,2022,2022_728,Fortran
703,2022,2022_729,Fortran
704,2022,2022_739,Fortran
705,2022,2022_749,Fortran
706,2022,2022_751,Fortran
707,2022,2022_758,Fortran
708,2022,2022_775,Fortran
709,2022,2022_783,Fortran
710,2022,2022_793,Fortran
711,2022,2022_794,Fortran
712,2022,2022_800,Fortran
713,2022,2022_815,Fortran
714,2022,2022_848,Fortran
715,2022,2022_849,Fortran
716,2022,2022_854,Fortran
717,2022,2022_855,Fortran
718,2022,2022_865,Fortran
719,2022,2022_876,Fortran
720,2022,2022_887,Fortran
721,2022,2022_896,Fortran
722,2022,2022_901,Fortran
723,2022,2022_912,Fortran
724,2022,2022_915,Fortran
725,2022,2022_922,Fortran
726,2022,2022_924,Fortran
727,2022,2022_931,Fortran
728,2022,2022_944,Fortran
729,2022,2022_946,Fortran
730,2022,2022_947,Fortran
731,2022,2022_949,Fortran
732,2022,2022_958,Fortran
733,2022,2022_967,Fortran
734,2022,2022_973,Fortran
735,2022,2022_976,Fortran
736,2022,2022_980,Fortran
737,2022,2022_999,Fortran
738,2022,2022_47,Go
739,2022,2022_53,Go
740,2022,2022_163,Go
741,2022,2022_203,Go
742,2022,2022_220,Go
743,2022,2022_240,Go
744,2022,2022_300,Go
745,2022,2022_305,Go
746,2022,2022_383,Go
747,2022,2022_394,Go
748,2022,2022_397,Go
749,2022,2022_448,Go
750,2022,2022_456,Go
751,2022,2022_614,Go
752,2022,2022_621,Go
753,2022,2022_717,Go
754,2022,2022_800,Go
755,2022,2022_869,Go
756,2022,2022_929,Go
757,2022,2022_933,Go
758,2022,2022_946,Go
759,2022,2022_26,Groovy
760,2022,2022_46,Groovy
761,2022,2022_218,Groovy
762,2022,2022_273,Groovy
763,2022,2022_279,Groovy
764,2022,2022_357,Groovy
765,2022,2022_363,Groovy
766,2022,2022_644,Groovy
767,2022,2022_673,Groovy
768,2022,2022_752,Groovy
769,2022,2022_771,Groovy
770,2022,2022_799,Groovy
771,2022,2022_1,Haskell
772,2022,2022_26,Haskell
773,2022,2022_142,Haskell
774,2022,2022_400,Haskell
775,2022,2022_514,Haskell
776,2022,2022_578,Haskell
777,2022,2022_589,Haskell
778,2022,2022_614,Haskell
779,2022,2022_935,Haskell
780,2022,2022_6,Java
781,2022,2022_7,Java
782,2022,2022_17,Java
783,2022,2022_38,Java
784,2022,2022_40,Java
785,2022,2022_44,Java
786,2022,2022_48,Java
787,2022,2022_65,Java
788,2022,2022_84,Java
789,2022,2022_86,Java
790,2022,2022_106,Java
791,2022,2022_116,Java
792,2022,2022_129,Java
793,2022,2022_132,Java
794,2022,2022_133,Java
795,2022,2022_139,Java
796,2022,2022_150,Java
797,2022,2022_151,Java
798,2022,2022_156,Java
799,2022,2022_158,Java
800,2022,2022_164,Java
801,2022,2022_169,Java
802,2022,2022_172,Java
803,2022,2022_202,Java
804,2022,2022_203,Java
805,2022,2022_206,Java
806,2022,2022_218,Java
807,2022,2022_221,Java
808,2022,2022_225,Java
809,2022,2022_226,Java
810,2022,2022_240,Java
811,2022,2022_265,Java
812,2022,2022_267,Java
813,2022,2022_290,Java
814,2022,2022_299,Java
815,2022,2022_314,Java
816,2022,2022_317,Java
817,2022,2022_321,Java
818,2022,2022_329,Java
819,2022,2022_341,Java
820,2022,2022_355,Java
821,2022,2022_359,Java
822,2022,2022_363,Java
823,2022,2022_364,Java
824,2022,2022_375,Java
825,2022,2022_394,Java
826,2022,2022_396,Java
827,2022,2022_410,Java
828,2022,2022_415,Java
829,2022,2022_436,Java
830,2022,2022_448,Java
831,2022,2022_456,Java
832,2022,2022_465,Java
833,2022,2022_478,Java
834,2022,2022_481,Java
835,2022,2022_498,Java
836,2022,2022_504,Java
837,2022,2022_505,Java
838,2022,2022_521,Java
839,2022,2022_529,Java
840,2022,2022_530,Java
841,2022,2022_534,Java
842,2022,2022_540,Java
843,2022,2022_544,Java
844,2022,2022_545,Java
845,2022,2022_546,Java
846,2022,2022_562,Java
847,2022,2022_566,Java
848,2022,2022_570,Java
849,2022,2022_578,Java
850,2022,2022_585,Java
851,2022,2022_594,Java
852,2022,2022_599,Java
853,2022,2022_600,Java
854,2022,2022_606,Java
855,2022,2022_609,Java
856,2022,2022_621,Java
857,2022,2022_627,Java
858,2022,2022_633,Java
859,2022,2022_642,Java
860,2022,2022_644,Java
861,2022,2022_652,Java
862,2022,2022_653,Java
863,2022,2022_658,Java
864,2022,2022_659,Java
865,2022,2022_669,Java
866,2022,2022_672,Java
867,2022,2022_673,Java
868,2022,2022_677,Java
869,2022,2022_681,Java
870,2022,2022_684,Java
871,2022,2022_688,Java
872,2022,2022_689,Java
873,2022,2022_701,Java
874,2022,2022_703,Java
875,2022,2022_705,Java
876,2022,2022_712,Java
877,2022,2022_722,Java
878,2022,2022_723,Java
879,2022,2022_726,Java
880,2022,2022_731,Java
881,2022,2022_732,Java
882,2022,2022_736,Java
883,2022,2022_739,Java
884,2022,2022_763,Java
885,2022,2022_770,Java
886,2022,2022_771,Java
887,2022,2022_780,Java
888,2022,2022_786,Java
889,2022,2022_799,Java
890,2022,2022_807,Java
891,2022,2022_809,Java
892,2022,2022_821,Java
893,2022,2022_823,Java
894,2022,2022_825,Java
895,2022,2022_848,Java
896,2022,2022_849,Java
897,2022,2022_854,Java
898,2022,2022_858,Java
899,2022,2022_866,Java
900,2022,2022_869,Java
901,2022,2022_874,Java
902,2022,2022_878,Java
903,2022,2022_879,Java
904,2022,2022_881,Java
905,2022,2022_895,Java
906,2022,2022_897,Java
907,2022,2022_912,Java
908,2022,2022_917,Java
909,2022,2022_918,Java
910,2022,2022_927,Java
911,2022,2022_928,Java
912,2022,2022_934,Java
913,2022,2022_936,Java
914,2022,2022_945,Java
915,2022,2022_946,Java
916,2022,2022_956,Java
917,2022,2022_970,Java
918,2022,2022_974,Java
919,2022,2022_977,Java
920,2022,2022_979,Java
921,2022,2022_994,Java
922,2022,2022_996,Java
923,2022,2022_1,JavaScript
924,2022,2022_2,JavaScript
925,2022,2022_6,JavaScript
926,2022,2022_10,JavaScript
927,2022,2022_14,JavaScript
928,2022,2022_17,JavaScript
929,2022,2022_18,JavaScript
930,2022,2022_19,JavaScript
931,2022,2022_22,JavaScript
932,2022,2022_28,JavaScript
933,2022,2022_30,JavaScript
934,2022,2022_32,JavaScript
935,2022,2022_35,JavaScript
936,2022,2022_38,JavaScript
937,2022,2022_47,JavaScript
938,2022,2022_49,JavaScript
939,2022,2022_66,JavaScript
940,2022,2022_67,JavaScript
941,2022,2022_77,JavaScript
942,2022,2022_79,JavaScript
943,2022,2022_84,JavaScript
944,2022,2022_87,JavaScript
945,2022,2022_89,JavaScript
946,2022,2022_95,JavaScript
947,2022,2022_99,JavaScript
948,2022,2022_104,JavaScript
949,2022,2022_106,JavaScript
950,2022,2022_108,JavaScript
951,2022,2022_117,JavaScript
952,2022,2022_121,JavaScript
953,2022,2022_122,JavaScript
954,2022,2022_128,JavaScript
955,2022,2022_129,JavaScript
956,2022,2022_132,JavaScript
957,2022,2022_133,JavaScript
958,2022,2022_139,JavaScript
959,2022,2022_141,JavaScript
960,2022,2022_142,JavaScript
961,2022,2022_143,JavaScript
962,2022,2022_146,JavaScript
963,2022,2022_156,JavaScript
964,2022,2022_158,JavaScript
965,2022,2022_159,JavaScript
966,2022,2022_167,JavaScript
967,2022,2022_169,JavaScript
968,2022,2022_174,JavaScript
969,2022,2022_178,JavaScript
970,2022,2022_196,JavaScript
971,2022,2022_205,JavaScript
972,2022,2022_206,JavaScript
973,2022,2022_212,JavaScript
974,2022,2022_214,JavaScript
975,2022,2022_217,JavaScript
976,2022,2022_220,JavaScript
977,2022,2022_228,JavaScript
978,2022,2022_246,JavaScript
979,2022,2022_255,JavaScript
980,2022,2022_263,JavaScript
981,2022,2022_265,JavaScript
982,2022,2022_271,JavaScript
983,2022,2022_279,JavaScript
984,2022,2022_282,JavaScript
985,2022,2022_285,JavaScript
986,2022,2022_286,JavaScript
987,2022,2022_287,JavaScript
988,2022,2022_295,JavaScript
989,2022,2022_296,JavaScript
990,2022,2022_299,JavaScript
991,2022,2022_300,JavaScript
992,2022,2022_321,JavaScript
993,2022,2022_325,JavaScript
994,2022,2022_341,JavaScript
995,2022,2022_352,JavaScript
996,2022,2022_355,JavaScript
997,2022,2022_359,JavaScript
998,2022,2022_361,JavaScript
999,2022,2022_363,JavaScript
1000,2022,2022_371,JavaScript
1001,2022,2022_372,JavaScript
1002,2022,2022_376,JavaScript
1003,2022,2022_378,JavaScript
1004,2022,2022_383,JavaScript
1005,2022,2022_385,JavaScript
1006,2022,2022_387,JavaScript
1007,2022,2022_394,JavaScript
1008,2022,2022_395,JavaScript
1009,2022,2022_396,JavaScript
1010,2022,2022_397,JavaScript
1011,2022,2022_400,JavaScript
1012,2022,2022_408,JavaScript
1013,2022,2022_414,JavaScript
1014,2022,2022_415,JavaScript
1015,2022,2022_436,JavaScript
1016,2022,2022_442,JavaScript
1017,2022,2022_444,JavaScript
1018,2022,2022_448,JavaScript
1019,2022,2022_450,JavaScript
1020,2022,2022_458,JavaScript
1021,2022,2022_463,JavaScript
1022,2022,2022_466,JavaScript
1023,2022,2022_467,JavaScript
1024,2022,2022_468,JavaScript
1025,2022,2022_474,JavaScript
1026,2022,2022_475,JavaScript
1027,2022,2022_476,JavaScript
1028,2022,2022_479,JavaScript
1029,2022,2022_481,JavaScript
1030,2022,2022_483,JavaScript
1031,2022,2022_486,JavaScript
1032,2022,2022_493,JavaScript
1033,2022,2022_494,JavaScript
1034,2022,2022_498,JavaScript
1035,2022,2022_499,JavaScript
1036,2022,2022_504,JavaScript
1037,2022,2022_505,JavaScript
1038,2022,2022_511,JavaScript
1039,2022,2022_515,JavaScript
1040,2022,2022_516,JavaScript
1041,2022,2022_521,JavaScript
1042,2022,2022_527,JavaScript
1043,2022,2022_529,JavaScript
1044,2022,2022_530,JavaScript
1045,2022,2022_534,JavaScript
1046,2022,2022_535,JavaScript
1047,2022,2022_540,JavaScript
1048,2022,2022_543,JavaScript
1049,2022,2022_544,JavaScript
1050,2022,2022_545,JavaScript
1051,2022,2022_556,JavaScript
1052,2022,2022_559,JavaScript
1053,2022,2022_562,JavaScript
1054,2022,2022_569,JavaScript
1055,2022,2022_570,JavaScript
1056,2022,2022_576,JavaScript
1057,2022,2022_577,JavaScript
1058,2022,2022_578,JavaScript
1059,2022,2022_581,JavaScript
1060,2022,2022_594,JavaScript
1061,2022,2022_599,JavaScript
1062,2022,2022_603,JavaScript
1063,2022,2022_614,JavaScript
1064,2022,2022_618,JavaScript
1065,2022,2022_621,JavaScript
1066,2022,2022_625,JavaScript
1067,2022,2022_627,JavaScript
1068,2022,2022_633,JavaScript
1069,2022,2022_637,JavaScript
1070,2022,2022_641,JavaScript
1071,2022,2022_643,JavaScript
1072,2022,2022_644,JavaScript
1073,2022,2022_645,JavaScript
1074,2022,2022_652,JavaScript
1075,2022,2022_655,JavaScript
1076,2022,2022_672,JavaScript
1077,2022,2022_677,JavaScript
1078,2022,2022_680,JavaScript
1079,2022,2022_681,JavaScript
1080,2022,2022_684,JavaScript
1081,2022,2022_688,JavaScript
1082,2022,2022_703,JavaScript
1083,2022,2022_705,JavaScript
1084,2022,2022_708,JavaScript
1085,2022,2022_711,JavaScript
1086,2022,2022_712,JavaScript
1087,2022,2022_713,JavaScript
1088,2022,2022_731,JavaScript
1089,2022,2022_732,JavaScript
1090,2022,2022_736,JavaScript
1091,2022,2022_738,JavaScript
1092,2022,2022_739,JavaScript
1093,2022,2022_740,JavaScript
1094,2022,2022_743,JavaScript
1095,2022,2022_746,JavaScript
1096,2022,2022_758,JavaScript
1097,2022,2022_761,JavaScript
1098,2022,2022_763,JavaScript
1099,2022,2022_769,JavaScript
1100,2022,2022_772,JavaScript
1101,2022,2022_776,JavaScript
1102,2022,2022_784,JavaScript
1103,2022,2022_785,JavaScript
1104,2022,2022_786,JavaScript
1105,2022,2022_788,JavaScript
1106,2022,2022_793,JavaScript
1107,2022,2022_800,JavaScript
1108,2022,2022_802,JavaScript
1109,2022,2022_803,JavaScript
1110,2022,2022_806,JavaScript
1111,2022,2022_808,JavaScript
1112,2022,2022_809,JavaScript
1113,2022,2022_813,JavaScript
1114,2022,2022_816,JavaScript
1115,2022,2022_825,JavaScript
1116,2022,2022_831,JavaScript
1117,2022,2022_832,JavaScript
1118,2022,2022_833,JavaScript
1119,2022,2022_836,JavaScript
1120,2022,2022_848,JavaScript
1121,2022,2022_849,JavaScript
1122,2022,2022_861,JavaScript
1123,2022,2022_864,JavaScript
1124,2022,2022_866,JavaScript
1125,2022,2022_868,JavaScript
1126,2022,2022_874,JavaScript
1127,2022,2022_879,JavaScript
1128,2022,2022_881,JavaScript
1129,2022,2022_884,JavaScript
1130,2022,2022_890,JavaScript
1131,2022,2022_892,JavaScript
1132,2022,2022_893,JavaScript
1133,2022,2022_895,JavaScript
1134,2022,2022_898,JavaScript
1135,2022,2022_901,JavaScript
1136,2022,2022_903,JavaScript
1137,2022,2022_904,JavaScript
1138,2022,2022_906,JavaScript
1139,2022,2022_913,JavaScript
1140,2022,2022_915,JavaScript
1141,2022,2022_917,JavaScript
1142,2022,2022_918,JavaScript
1143,2022,2022_921,JavaScript
1144,2022,2022_927,JavaScript
1145,2022,2022_933,JavaScript
1146,2022,2022_936,JavaScript
1147,2022,2022_937,JavaScript
1148,2022,2022_938,JavaScript
1149,2022,2022_945,JavaScript
1150,2022,2022_946,JavaScript
1151,2022,2022_947,JavaScript
1152,2022,2022_950,JavaScript
1153,2022,2022_954,JavaScript
1154,2022,2022_956,JavaScript
1155,2022,2022_959,JavaScript
1156,2022,2022_960,JavaScript
1157,2022,2022_962,JavaScript
1158,2022,2022_965,JavaScript
1159,2022,2022_968,JavaScript
1160,2022,2022_971,JavaScript
1161,2022,2022_974,JavaScript
1162,2022,2022_977,JavaScript
1163,2022,2022_979,JavaScript
1164,2022,2022_983,JavaScript
1165,2022,2022_988,JavaScript
1166,2022,2022_996,JavaScript
1167,2022,2022_998,JavaScript
1168,2022,2022_1002,JavaScript
1169,2022,2022_14,Julia
1170,2022,2022_24,Julia
1171,2022,2022_35,Julia
1172,2022,2022_54,Julia
1173,2022,2022_61,Julia
1174,2022,2022_63,Julia
1175,2022,2022_64,Julia
1176,2022,2022_70,Julia
1177,2022,2022_71,Julia
1178,2022,2022_77,Julia
1179,2022,2022_87,Julia
1180,2022,2022_89,Julia
1181,2022,2022_96,Julia
1182,2022,2022_98,Julia
1183,2022,2022_103,Julia
1184,2022,2022_106,Julia
1185,2022,2022_114,Julia
1186,2022,2022_121,Julia
1187,2022,2022_129,Julia
1188,2022,2022_137,Julia
1189,2022,2022_203,Julia
1190,2022,2022_225,Julia
1191,2022,2022_235,Julia
1192,2022,2022_240,Julia
1193,2022,2022_241,Julia
1194,2022,2022_255,Julia
1195,2022,2022_264,Julia
1196,2022,2022_290,Julia
1197,2022,2022_297,Julia
1198,2022,2022_302,Julia
1199,2022,2022_353,Julia
1200,2022,2022_357,Julia
1201,2022,2022_373,Julia
1202,2022,2022_405,Julia
1203,2022,2022_420,Julia
1204,2022,2022_430,Julia
1205,2022,2022_450,Julia
1206,2022,2022_503,Julia
1207,2022,2022_510,Julia
1208,2022,2022_514,Julia
1209,2022,2022_515,Julia
1210,2022,2022_547,Julia
1211,2022,2022_576,Julia
1212,2022,2022_590,Julia
1213,2022,2022_591,Julia
1214,2022,2022_637,Julia
1215,2022,2022_694,Julia
1216,2022,2022_730,Julia
1217,2022,2022_733,Julia
1218,2022,2022_739,Julia
1219,2022,2022_743,Julia
1220,2022,2022_765,Julia
1221,2022,2022_767,Julia
1222,2022,2022_778,Julia
1223,2022,2022_784,Julia
1224,2022,2022_789,Julia
1225,2022,2022_793,Julia
1226,2022,2022_817,Julia
1227,2022,2022_849,Julia
1228,2022,2022_873,Julia
1229,2022,2022_915,Julia
1230,2022,2022_963,Julia
1231,2022,2022_975,Julia
1232,2022,2022_987,Julia
1233,2022,2022_999,Julia
1234,2022,2022_203,Lua
1235,2022,2022_305,Lua
1236,2022,2022_319,Lua
1237,2022,2022_397,Lua
1238,2022,2022_498,Lua
1239,2022,2022_502,Lua
1240,2022,2022_625,Lua
1241,2022,2022_681,Lua
1242,2022,2022_711,Lua
1243,2022,2022_729,Lua
1244,2022,2022_757,Lua
1245,2022,2022_914,Lua
1246,2022,2022_915,Lua
1247,2022,2022_13,Matlab
1248,2022,2022_14,Matlab
1249,2022,2022_26,Matlab
1250,2022,2022_33,Matlab
1251,2022,2022_44,Matlab
1252,2022,2022_48,Matlab
1253,2022,2022_63,Matlab
1254,2022,2022_67,Matlab
1255,2022,2022_77,Matlab
1256,2022,2022_88,Matlab
1257,2022,2022_91,Matlab
1258,2022,2022_98,Matlab
1259,2022,2022_100,Matlab
1260,2022,2022_103,Matlab
1261,2022,2022_108,Matlab
1262,2022,2022_112,Matlab
1263,2022,2022_116,Matlab
1264,2022,2022_133,Matlab
1265,2022,2022_139,Matlab
1266,2022,2022_153,Matlab
1267,2022,2022_159,Matlab
1268,2022,2022_172,Matlab
1269,2022,2022_179,Matlab
1270,2022,2022_182,Matlab
1271,2022,2022_193,Matlab
1272,2022,2022_200,Matlab
1273,2022,2022_203,Matlab
1274,2022,2022_225,Matlab
1275,2022,2022_226,Matlab
1276,2022,2022_231,Matlab
1277,2022,2022_246,Matlab
1278,2022,2022_253,Matlab
1279,2022,2022_264,Matlab
1280,2022,2022_280,Matlab
1281,2022,2022_281,Matlab
1282,2022,2022_282,Matlab
1283,2022,2022_285,Matlab
1284,2022,2022_305,Matlab
1285,2022,2022_312,Matlab
1286,2022,2022_321,Matlab
1287,2022,2022_327,Matlab
1288,2022,2022_331,Matlab
1289,2022,2022_360,Matlab
1290,2022,2022_364,Matlab
1291,2022,2022_375,Matlab
1292,2022,2022_381,Matlab
1293,2022,2022_397,Matlab
1294,2022,2022_403,Matlab
1295,2022,2022_405,Matlab
1296,2022,2022_408,Matlab
1297,2022,2022_418,Matlab
1298,2022,2022_425,Matlab
1299,2022,2022_426,Matlab
1300,2022,2022_434,Matlab
1301,2022,2022_436,Matlab
1302,2022,2022_440,Matlab
1303,2022,2022_445,Matlab
1304,2022,2022_460,Matlab
1305,2022,2022_461,Matlab
1306,2022,2022_471,Matlab
1307,2022,2022_475,Matlab
1308,2022,2022_477,Matlab
1309,2022,2022_483,Matlab
1310,2022,2022_494,Matlab
1311,2022,2022_499,Matlab
1312,2022,2022_502,Matlab
1313,2022,2022_510,Matlab
1314,2022,2022_515,Matlab
1315,2022,2022_516,Matlab
1316,2022,2022_519,Matlab
1317,2022,2022_525,Matlab
1318,2022,2022_539,Matlab
1319,2022,2022_548,Matlab
1320,2022,2022_552,Matlab
1321,2022,2022_557,Matlab
1322,2022,2022_564,Matlab
1323,2022,2022_576,Matlab
1324,2022,2022_585,Matlab
1325,2022,2022_598,Matlab
1326,2022,2022_601,Matlab
1327,2022,2022_610,Matlab
1328,2022,2022_618,Matlab
1329,2022,2022_628,Matlab
1330,2022,2022_632,Matlab
1331,2022,2022_635,Matlab
1332,2022,2022_637,Matlab
1333,2022,2022_640,Matlab
1334,2022,2022_641,Matlab
1335,2022,2022_649,Matlab
1336,2022,2022_653,Matlab
1337,2022,2022_655,Matlab
1338,2022,2022_670,Matlab
1339,2022,2022_678,Matlab
1340,2022,2022_681,Matlab
1341,2022,2022_682,Matlab
1342,2022,2022_692,Matlab
1343,2022,2022_694,Matlab
1344,2022,2022_697,Matlab
1345,2022,2022_733,Matlab
1346,2022,2022_738,Matlab
1347,2022,2022_740,Matlab
1348,2022,2022_745,Matlab
1349,2022,2022_749,Matlab
1350,2022,2022_755,Matlab
1351,2022,2022_765,Matlab
1352,2022,2022_772,Matlab
1353,2022,2022_776,Matlab
1354,2022,2022_778,Matlab
1355,2022,2022_783,Matlab
1356,2022,2022_787,Matlab
1357,2022,2022_819,Matlab
1358,2022,2022_820,Matlab
1359,2022,2022_825,Matlab
1360,2022,2022_849,Matlab
1361,2022,2022_852,Matlab
1362,2022,2022_863,Matlab
1363,2022,2022_885,Matlab
1364,2022,2022_898,Matlab
1365,2022,2022_907,Matlab
1366,2022,2022_908,Matlab
1367,2022,2022_915,Matlab
1368,2022,2022_938,Matlab
1369,2022,2022_944,Matlab
1370,2022,2022_945,Matlab
1371,2022,2022_946,Matlab
1372,2022,2022_980,Matlab
1373,2022,2022_987,Matlab
1374,2022,2022_996,Matlab
1375,2022,2022_998,Matlab
1376,2022,2022_1000,Matlab
1377,2022,2022_22,Objective-C
1378,2022,2022_38,Objective-C
1379,2022,2022_341,Objective-C
1380,2022,2022_415,Objective-C
1381,2022,2022_515,Objective-C
1382,2022,2022_938,Objective-C
1383,2022,2022_956,Objective-C
1384,2022,2022_5,Perl
1385,2022,2022_6,Perl
1386,2022,2022_8,Perl
1387,2022,2022_54,Perl
1388,2022,2022_84,Perl
1389,2022,2022_104,Perl
1390,2022,2022_175,Perl
1391,2022,2022_178,Perl
1392,2022,2022_203,Perl
1393,2022,2022_204,Perl
1394,2022,2022_217,Perl
1395,2022,2022_236,Perl
1396,2022,2022_240,Perl
1397,2022,2022_272,Perl
1398,2022,2022_276,Perl
1399,2022,2022_287,Perl
1400,2022,2022_290,Perl
1401,2022,2022_305,Perl
1402,2022,2022_314,Perl
1403,2022,2022_343,Perl
1404,2022,2022_363,Perl
1405,2022,2022_371,Perl
1406,2022,2022_382,Perl
1407,2022,2022_383,Perl
1408,2022,2022_397,Perl
1409,2022,2022_404,Perl
1410,2022,2022_418,Perl
1411,2022,2022_429,Perl
1412,2022,2022_450,Perl
1413,2022,2022_456,Perl
1414,2022,2022_461,Perl
1415,2022,2022_468,Perl
1416,2022,2022_474,Perl
1417,2022,2022_483,Perl
1418,2022,2022_498,Perl
1419,2022,2022_561,Perl
1420,2022,2022_621,Perl
1421,2022,2022_633,Perl
1422,2022,2022_636,Perl
1423,2022,2022_652,Perl
1424,2022,2022_657,Perl
1425,2022,2022_688,Perl
1426,2022,2022_705,Perl
1427,2022,2022_713,Perl
1428,2022,2022_723,Perl
1429,2022,2022_740,Perl
1430,2022,2022_746,Perl
1431,2022,2022_751,Perl
1432,2022,2022_752,Perl
1433,2022,2022_761,Perl
1434,2022,2022_771,Perl
1435,2022,2022_805,Perl
1436,2022,2022_807,Perl
1437,2022,2022_818,Perl
1438,2022,2022_864,Perl
1439,2022,2022_867,Perl
1440,2022,2022_878,Perl
1441,2022,2022_881,Perl
1442,2022,2022_896,Perl
1443,2022,2022_906,Perl
1444,2022,2022_915,Perl
1445,2022,2022_925,Perl
1446,2022,2022_927,Perl
1447,2022,2022_944,Perl
1448,2022,2022_946,Perl
1449,2022,2022_950,Perl
1450,2022,2022_979,Perl
1451,2022,2022_1002,Perl
1452,2022,2022_6,PHP
1453,2022,2022_17,PHP
1454,2022,2022_22,PHP
1455,2022,2022_26,PHP
1456,2022,2022_28,PHP
1457,2022,2022_65,PHP
1458,2022,2022_75,PHP
1459,2022,2022_84,PHP
1460,2022,2022_104,PHP
1461,2022,2022_132,PHP
1462,2022,2022_139,PHP
1463,2022,2022_141,PHP
1464,2022,2022_143,PHP
1465,2022,2022_145,PHP
1466,2022,2022_146,PHP
1467,2022,2022_156,PHP
1468,2022,2022_170,PHP
1469,2022,2022_179,PHP
1470,2022,2022_203,PHP
1471,2022,2022_213,PHP
1472,2022,2022_214,PHP
1473,2022,2022_228,PHP
1474,2022,2022_231,PHP
1475,2022,2022_263,PHP
1476,2022,2022_272,PHP
1477,2022,2022_279,PHP
1478,2022,2022_286,PHP
1479,2022,2022_287,PHP
1480,2022,2022_355,PHP
1481,2022,2022_362,PHP
1482,2022,2022_371,PHP
1483,2022,2022_372,PHP
1484,2022,2022_376,PHP
1485,2022,2022_387,PHP
1486,2022,2022_394,PHP
1487,2022,2022_463,PHP
1488,2022,2022_473,PHP
1489,2022,2022_474,PHP
1490,2022,2022_498,PHP
1491,2022,2022_527,PHP
1492,2022,2022_530,PHP
1493,2022,2022_540,PHP
1494,2022,2022_543,PHP
1495,2022,2022_549,PHP
1496,2022,2022_556,PHP
1497,2022,2022_557,PHP
1498,2022,2022_561,PHP
1499,2022,2022_581,PHP
1500,2022,2022_621,PHP
1501,2022,2022_627,PHP
1502,2022,2022_644,PHP
1503,2022,2022_659,PHP
1504,2022,2022_672,PHP
1505,2022,2022_677,PHP
1506,2022,2022_684,PHP
1507,2022,2022_689,PHP
1508,2022,2022_713,PHP
1509,2022,2022_738,PHP
1510,2022,2022_772,PHP
1511,2022,2022_796,PHP
1512,2022,2022_825,PHP
1513,2022,2022_836,PHP
1514,2022,2022_849,PHP
1515,2022,2022_866,PHP
1516,2022,2022_869,PHP
1517,2022,2022_881,PHP
1518,2022,2022_901,PHP
1519,2022,2022_906,PHP
1520,2022,2022_913,PHP
1521,2022,2022_917,PHP
1522,2022,2022_918,PHP
1523,2022,2022_927,PHP
1524,2022,2022_933,PHP
1525,2022,2022_946,PHP
1526,2022,2022_956,PHP
1527,2022,2022_959,PHP
1528,2022,2022_983,PHP
1529,2022,2022_0,Python
1530,2022,2022_1,Python
1531,2022,2022_2,Python
1532,2022,2022_3,Python
1533,2022,2022_5,Python
1534,2022,2022_6,Python
1535,2022,2022_7,Python
1536,2022,2022_9,Python
1537,2022,2022_10,Python
1538,2022,2022_13,Python
1539,2022,2022_14,Python
1540,2022,2022_15,Python
1541,2022,2022_16,Python
1542,2022,2022_17,Python
1543,2022,2022_18,Python
1544,2022,2022_19,Python
1545,2022,2022_21,Python
1546,2022,2022_22,Python
1547,2022,2022_23,Python
1548,2022,2022_25,Python
1549,2022,2022_26,Python
1550,2022,2022_27,Python
1551,2022,2022_28,Python
1552,2022,2022_29,Python
1553,2022,2022_30,Python
1554,2022,2022_32,Python
1555,2022,2022_33,Python
1556,2022,2022_35,Python
1557,2022,2022_38,Python
1558,2022,2022_40,Python
1559,2022,2022_41,Python
1560,2022,2022_42,Python
1561,2022,2022_43,Python
1562,2022,2022_44,Python
1563,2022,2022_45,Python
1564,2022,2022_46,Python
1565,2022,2022_47,Python
1566,2022,2022_48,Python
1567,2022,2022_49,Python
1568,2022,2022_51,Python
1569,2022,2022_52,Python
1570,2022,2022_53,Python
1571,2022,2022_54,Python
1572,2022,2022_55,Python
1573,2022,2022_56,Python
1574,2022,2022_57,Python
1575,2022,2022_60,Python
1576,2022,2022_62,Python
1577,2022,2022_63,Python
1578,2022,2022_64,Python
1579,2022,2022_65,Python
1580,2022,2022_66,Python
1581,2022,2022_67,Python
1582,2022,2022_69,Python
1583,2022,2022_70,Python
1584,2022,2022_71,Python
1585,2022,2022_72,Python
1586,2022,2022_73,Python
1587,2022,2022_74,Python
1588,2022,2022_75,Python
1589,2022,2022_76,Python
1590,2022,2022_77,Python
1591,2022,2022_79,Python
1592,2022,2022_80,Python
1593,2022,2022_81,Python
1594,2022,2022_82,Python
1595,2022,2022_84,Python
1596,2022,2022_86,Python
1597,2022,2022_89,Python
1598,2022,2022_90,Python
1599,2022,2022_91,Python
1600,2022,2022_93,Python
1601,2022,2022_94,Python
1602,2022,2022_95,Python
1603,2022,2022_96,Python
1604,2022,2022_97,Python
1605,2022,2022_98,Python
1606,2022,2022_99,Python
1607,2022,2022_101,Python
1608,2022,2022_103,Python
1609,2022,2022_104,Python
1610,2022,2022_106,Python
1611,2022,2022_108,Python
1612,2022,2022_109,Python
1613,2022,2022_110,Python
1614,2022,2022_111,Python
1615,2022,2022_112,Python
1616,2022,2022_114,Python
1617,2022,2022_116,Python
1618,2022,2022_117,Python
1619,2022,2022_121,Python
1620,2022,2022_122,Python
1621,2022,2022_123,Python
1622,2022,2022_125,Python
1623,2022,2022_128,Python
1624,2022,2022_129,Python
1625,2022,2022_132,Python
1626,2022,2022_133,Python
1627,2022,2022_134,Python
1628,2022,2022_135,Python
1629,2022,2022_136,Python
1630,2022,2022_137,Python
1631,2022,2022_139,Python
1632,2022,2022_140,Python
1633,2022,2022_141,Python
1634,2022,2022_144,Python
1635,2022,2022_145,Python
1636,2022,2022_146,Python
1637,2022,2022_148,Python
1638,2022,2022_149,Python
1639,2022,2022_151,Python
1640,2022,2022_154,Python
1641,2022,2022_155,Python
1642,2022,2022_156,Python
1643,2022,2022_157,Python
1644,2022,2022_158,Python
1645,2022,2022_159,Python
1646,2022,2022_163,Python
1647,2022,2022_164,Python
1648,2022,2022_165,Python
1649,2022,2022_167,Python
1650,2022,2022_168,Python
1651,2022,2022_169,Python
1652,2022,2022_172,Python
1653,2022,2022_174,Python
1654,2022,2022_175,Python
1655,2022,2022_176,Python
1656,2022,2022_177,Python
1657,2022,2022_178,Python
1658,2022,2022_179,Python
1659,2022,2022_182,Python
1660,2022,2022_183,Python
1661,2022,2022_184,Python
1662,2022,2022_185,Python
1663,2022,2022_186,Python
1664,2022,2022_189,Python
1665,2022,2022_191,Python
1666,2022,2022_192,Python
1667,2022,2022_193,Python
1668,2022,2022_194,Python
1669,2022,2022_199,Python
1670,2022,2022_200,Python
1671,2022,2022_203,Python
1672,2022,2022_204,Python
1673,2022,2022_205,Python
1674,2022,2022_206,Python
1675,2022,2022_208,Python
1676,2022,2022_209,Python
1677,2022,2022_210,Python
1678,2022,2022_211,Python
1679,2022,2022_212,Python
1680,2022,2022_213,Python
1681,2022,2022_214,Python
1682,2022,2022_215,Python
1683,2022,2022_217,Python
1684,2022,2022_218,Python
1685,2022,2022_220,Python
1686,2022,2022_222,Python
1687,2022,2022_223,Python
1688,2022,2022_224,Python
1689,2022,2022_225,Python
1690,2022,2022_226,Python
1691,2022,2022_227,Python
1692,2022,2022_228,Python
1693,2022,2022_229,Python
1694,2022,2022_231,Python
1695,2022,2022_232,Python
1696,2022,2022_234,Python
1697,2022,2022_235,Python
1698,2022,2022_236,Python
1699,2022,2022_239,Python
1700,2022,2022_240,Python
1701,2022,2022_241,Python
1702,2022,2022_243,Python
1703,2022,2022_245,Python
1704,2022,2022_246,Python
1705,2022,2022_247,Python
1706,2022,2022_248,Python
1707,2022,2022_249,Python
1708,2022,2022_251,Python
1709,2022,2022_253,Python
1710,2022,2022_255,Python
1711,2022,2022_258,Python
1712,2022,2022_260,Python
1713,2022,2022_261,Python
1714,2022,2022_263,Python
1715,2022,2022_264,Python
1716,2022,2022_266,Python
1717,2022,2022_268,Python
1718,2022,2022_269,Python
1719,2022,2022_271,Python
1720,2022,2022_272,Python
1721,2022,2022_273,Python
1722,2022,2022_274,Python
1723,2022,2022_276,Python
1724,2022,2022_277,Python
1725,2022,2022_278,Python
1726,2022,2022_279,Python
1727,2022,2022_280,Python
1728,2022,2022_281,Python
1729,2022,2022_282,Python
1730,2022,2022_284,Python
1731,2022,2022_285,Python
1732,2022,2022_287,Python
1733,2022,2022_289,Python
1734,2022,2022_290,Python
1735,2022,2022_292,Python
1736,2022,2022_293,Python
1737,2022,2022_296,Python
1738,2022,2022_297,Python
1739,2022,2022_298,Python
1740,2022,2022_299,Python
1741,2022,2022_300,Python
1742,2022,2022_301,Python
1743,2022,2022_302,Python
1744,2022,2022_303,Python
1745,2022,2022_304,Python
1746,2022,2022_305,Python
1747,2022,2022_306,Python
1748,2022,2022_307,Python
1749,2022,2022_308,Python
1750,2022,2022_310,Python
1751,2022,2022_312,Python
1752,2022,2022_315,Python
1753,2022,2022_317,Python
1754,2022,2022_319,Python
1755,2022,2022_320,Python
1756,2022,2022_321,Python
1757,2022,2022_326,Python
1758,2022,2022_327,Python
1759,2022,2022_328,Python
1760,2022,2022_329,Python
1761,2022,2022_330,Python
1762,2022,2022_331,Python
1763,2022,2022_333,Python
1764,2022,2022_334,Python
1765,2022,2022_336,Python
1766,2022,2022_338,Python
1767,2022,2022_339,Python
1768,2022,2022_340,Python
1769,2022,2022_341,Python
1770,2022,2022_342,Python
1771,2022,2022_343,Python
1772,2022,2022_345,Python
1773,2022,2022_346,Python
1774,2022,2022_347,Python
1775,2022,2022_348,Python
1776,2022,2022_350,Python
1777,2022,2022_352,Python
1778,2022,2022_353,Python
1779,2022,2022_354,Python
1780,2022,2022_355,Python
1781,2022,2022_356,Python
1782,2022,2022_357,Python
1783,2022,2022_358,Python
1784,2022,2022_359,Python
1785,2022,2022_360,Python
1786,2022,2022_361,Python
1787,2022,2022_362,Python
1788,2022,2022_363,Python
1789,2022,2022_366,Python
1790,2022,2022_367,Python
1791,2022,2022_370,Python
1792,2022,2022_371,Python
1793,2022,2022_372,Python
1794,2022,2022_374,Python
1795,2022,2022_375,Python
1796,2022,2022_376,Python
1797,2022,2022_378,Python
1798,2022,2022_379,Python
1799,2022,2022_381,Python
1800,2022,2022_383,Python
1801,2022,2022_384,Python
1802,2022,2022_385,Python
1803,2022,2022_386,Python
1804,2022,2022_387,Python
1805,2022,2022_389,Python
1806,2022,2022_391,Python
1807,2022,2022_392,Python
1808,2022,2022_393,Python
1809,2022,2022_394,Python
1810,2022,2022_395,Python
1811,2022,2022_396,Python
1812,2022,2022_397,Python
1813,2022,2022_398,Python
1814,2022,2022_400,Python
1815,2022,2022_401,Python
1816,2022,2022_403,Python
1817,2022,2022_404,Python
1818,2022,2022_405,Python
1819,2022,2022_406,Python
1820,2022,2022_408,Python
1821,2022,2022_409,Python
1822,2022,2022_410,Python
1823,2022,2022_411,Python
1824,2022,2022_412,Python
1825,2022,2022_413,Python
1826,2022,2022_414,Python
1827,2022,2022_415,Python
1828,2022,2022_417,Python
1829,2022,2022_420,Python
1830,2022,2022_421,Python
1831,2022,2022_422,Python
1832,2022,2022_423,Python
1833,2022,2022_424,Python
1834,2022,2022_425,Python
1835,2022,2022_426,Python
1836,2022,2022_428,Python
1837,2022,2022_429,Python
1838,2022,2022_430,Python
1839,2022,2022_431,Python
1840,2022,2022_433,Python
1841,2022,2022_434,Python
1842,2022,2022_435,Python
1843,2022,2022_436,Python
1844,2022,2022_437,Python
1845,2022,2022_439,Python
1846,2022,2022_440,Python
1847,2022,2022_441,Python
1848,2022,2022_442,Python
1849,2022,2022_445,Python
1850,2022,2022_446,Python
1851,2022,2022_449,Python
1852,2022,2022_450,Python
1853,2022,2022_452,Python
1854,2022,2022_456,Python
1855,2022,2022_457,Python
1856,2022,2022_458,Python
1857,2022,2022_459,Python
1858,2022,2022_460,Python
1859,2022,2022_461,Python
1860,2022,2022_463,Python
1861,2022,2022_465,Python
1862,2022,2022_466,Python
1863,2022,2022_467,Python
1864,2022,2022_468,Python
1865,2022,2022_469,Python
1866,2022,2022_470,Python
1867,2022,2022_472,Python
1868,2022,2022_473,Python
1869,2022,2022_474,Python
1870,2022,2022_475,Python
1871,2022,2022_476,Python
1872,2022,2022_477,Python
1873,2022,2022_478,Python
1874,2022,2022_479,Python
1875,2022,2022_480,Python
1876,2022,2022_481,Python
1877,2022,2022_482,Python
1878,2022,2022_483,Python
1879,2022,2022_484,Python
1880,2022,2022_486,Python
1881,2022,2022_487,Python
1882,2022,2022_490,Python
1883,2022,2022_492,Python
1884,2022,2022_493,Python
1885,2022,2022_494,Python
1886,2022,2022_495,Python
1887,2022,2022_497,Python
1888,2022,2022_498,Python
1889,2022,2022_499,Python
1890,2022,2022_502,Python
1891,2022,2022_503,Python
1892,2022,2022_504,Python
1893,2022,2022_505,Python
1894,2022,2022_508,Python
1895,2022,2022_510,Python
1896,2022,2022_515,Python
1897,2022,2022_516,Python
1898,2022,2022_519,Python
1899,2022,2022_520,Python
1900,2022,2022_521,Python
1901,2022,2022_524,Python
1902,2022,2022_525,Python
1903,2022,2022_526,Python
1904,2022,2022_529,Python
1905,2022,2022_530,Python
1906,2022,2022_533,Python
1907,2022,2022_534,Python
1908,2022,2022_535,Python
1909,2022,2022_538,Python
1910,2022,2022_539,Python
1911,2022,2022_540,Python
1912,2022,2022_542,Python
1913,2022,2022_543,Python
1914,2022,2022_544,Python
1915,2022,2022_545,Python
1916,2022,2022_546,Python
1917,2022,2022_547,Python
1918,2022,2022_548,Python
1919,2022,2022_549,Python
1920,2022,2022_552,Python
1921,2022,2022_553,Python
1922,2022,2022_555,Python
1923,2022,2022_556,Python
1924,2022,2022_557,Python
1925,2022,2022_558,Python
1926,2022,2022_559,Python
1927,2022,2022_561,Python
1928,2022,2022_562,Python
1929,2022,2022_563,Python
1930,2022,2022_564,Python
1931,2022,2022_566,Python
1932,2022,2022_568,Python
1933,2022,2022_569,Python
1934,2022,2022_570,Python
1935,2022,2022_571,Python
1936,2022,2022_573,Python
1937,2022,2022_576,Python
1938,2022,2022_578,Python
1939,2022,2022_579,Python
1940,2022,2022_581,Python
1941,2022,2022_582,Python
1942,2022,2022_585,Python
1943,2022,2022_588,Python
1944,2022,2022_590,Python
1945,2022,2022_591,Python
1946,2022,2022_593,Python
1947,2022,2022_594,Python
1948,2022,2022_595,Python
1949,2022,2022_596,Python
1950,2022,2022_598,Python
1951,2022,2022_599,Python
1952,2022,2022_600,Python
1953,2022,2022_601,Python
1954,2022,2022_602,Python
1955,2022,2022_603,Python
1956,2022,2022_604,Python
1957,2022,2022_606,Python
1958,2022,2022_607,Python
1959,2022,2022_609,Python
1960,2022,2022_610,Python
1961,2022,2022_612,Python
1962,2022,2022_614,Python
1963,2022,2022_615,Python
1964,2022,2022_616,Python
1965,2022,2022_617,Python
1966,2022,2022_618,Python
1967,2022,2022_619,Python
1968,2022,2022_620,Python
1969,2022,2022_621,Python
1970,2022,2022_622,Python
1971,2022,2022_623,Python
1972,2022,2022_625,Python
1973,2022,2022_627,Python
1974,2022,2022_628,Python
1975,2022,2022_631,Python
1976,2022,2022_632,Python
1977,2022,2022_633,Python
1978,2022,2022_634,Python
1979,2022,2022_635,Python
1980,2022,2022_637,Python
1981,2022,2022_638,Python
1982,2022,2022_639,Python
1983,2022,2022_640,Python
1984,2022,2022_641,Python
1985,2022,2022_642,Python
1986,2022,2022_643,Python
1987,2022,2022_644,Python
1988,2022,2022_645,Python
1989,2022,2022_648,Python
1990,2022,2022_649,Python
1991,2022,2022_651,Python
1992,2022,2022_652,Python
1993,2022,2022_653,Python
1994,2022,2022_655,Python
1995,2022,2022_657,Python
1996,2022,2022_658,Python
1997,2022,2022_659,Python
1998,2022,2022_662,Python
1999,2022,2022_664,Python
2000,2022,2022_665,Python
2001,2022,2022_666,Python
2002,2022,2022_668,Python
2003,2022,2022_670,Python
2004,2022,2022_673,Python
2005,2022,2022_676,Python
2006,2022,2022_678,Python
2007,2022,2022_679,Python
2008,2022,2022_680,Python
2009,2022,2022_681,Python
2010,2022,2022_682,Python
2011,2022,2022_683,Python
2012,2022,2022_687,Python
2013,2022,2022_688,Python
2014,2022,2022_690,Python
2015,2022,2022_691,Python
2016,2022,2022_692,Python
2017,2022,2022_693,Python
2018,2022,2022_694,Python
2019,2022,2022_695,Python
2020,2022,2022_696,Python
2021,2022,2022_697,Python
2022,2022,2022_698,Python
2023,2022,2022_699,Python
2024,2022,2022_702,Python
2025,2022,2022_703,Python
2026,2022,2022_704,Python
2027,2022,2022_705,Python
2028,2022,2022_706,Python
2029,2022,2022_708,Python
2030,2022,2022_709,Python
2031,2022,2022_710,Python
2032,2022,2022_711,Python
2033,2022,2022_712,Python
2034,2022,2022_713,Python
2035,2022,2022_714,Python
2036,2022,2022_717,Python
2037,2022,2022_718,Python
2038,2022,2022_722,Python
2039,2022,2022_724,Python
2040,2022,2022_725,Python
2041,2022,2022_726,Python
2042,2022,2022_728,Python
2043,2022,2022_729,Python
2044,2022,2022_730,Python
2045,2022,2022_731,Python
2046,2022,2022_734,Python
2047,2022,2022_735,Python
2048,2022,2022_736,Python
2049,2022,2022_738,Python
2050,2022,2022_739,Python
2051,2022,2022_740,Python
2052,2022,2022_742,Python
2053,2022,2022_743,Python
2054,2022,2022_745,Python
2055,2022,2022_747,Python
2056,2022,2022_749,Python
2057,2022,2022_750,Python
2058,2022,2022_751,Python
2059,2022,2022_752,Python
2060,2022,2022_755,Python
2061,2022,2022_757,Python
2062,2022,2022_758,Python
2063,2022,2022_760,Python
2064,2022,2022_761,Python
2065,2022,2022_763,Python
2066,2022,2022_764,Python
2067,2022,2022_765,Python
2068,2022,2022_766,Python
2069,2022,2022_767,Python
2070,2022,2022_769,Python
2071,2022,2022_770,Python
2072,2022,2022_771,Python
2073,2022,2022_772,Python
2074,2022,2022_773,Python
2075,2022,2022_775,Python
2076,2022,2022_776,Python
2077,2022,2022_777,Python
2078,2022,2022_778,Python
2079,2022,2022_780,Python
2080,2022,2022_781,Python
2081,2022,2022_782,Python
2082,2022,2022_783,Python
2083,2022,2022_784,Python
2084,2022,2022_785,Python
2085,2022,2022_786,Python
2086,2022,2022_788,Python
2087,2022,2022_789,Python
2088,2022,2022_790,Python
2089,2022,2022_793,Python
2090,2022,2022_794,Python
2091,2022,2022_796,Python
2092,2022,2022_799,Python
2093,2022,2022_800,Python
2094,2022,2022_801,Python
2095,2022,2022_802,Python
2096,2022,2022_803,Python
2097,2022,2022_804,Python
2098,2022,2022_805,Python
2099,2022,2022_807,Python
2100,2022,2022_808,Python
2101,2022,2022_809,Python
2102,2022,2022_810,Python
2103,2022,2022_812,Python
2104,2022,2022_813,Python
2105,2022,2022_814,Python
2106,2022,2022_816,Python
2107,2022,2022_817,Python
2108,2022,2022_818,Python
2109,2022,2022_819,Python
2110,2022,2022_820,Python
2111,2022,2022_821,Python
2112,2022,2022_822,Python
2113,2022,2022_823,Python
2114,2022,2022_824,Python
2115,2022,2022_825,Python
2116,2022,2022_828,Python
2117,2022,2022_829,Python
2118,2022,2022_830,Python
2119,2022,2022_831,Python
2120,2022,2022_832,Python
2121,2022,2022_833,Python
2122,2022,2022_834,Python
2123,2022,2022_836,Python
2124,2022,2022_840,Python
2125,2022,2022_841,Python
2126,2022,2022_845,Python
2127,2022,2022_846,Python
2128,2022,2022_847,Python
2129,2022,2022_848,Python
2130,2022,2022_849,Python
2131,2022,2022_850,Python
2132,2022,2022_851,Python
2133,2022,2022_852,Python
2134,2022,2022_854,Python
2135,2022,2022_855,Python
2136,2022,2022_856,Python
2137,2022,2022_863,Python
2138,2022,2022_865,Python
2139,2022,2022_867,Python
2140,2022,2022_868,Python
2141,2022,2022_872,Python
2142,2022,2022_873,Python
2143,2022,2022_874,Python
2144,2022,2022_876,Python
2145,2022,2022_878,Python
2146,2022,2022_879,Python
2147,2022,2022_881,Python
2148,2022,2022_882,Python
2149,2022,2022_883,Python
2150,2022,2022_884,Python
2151,2022,2022_885,Python
2152,2022,2022_887,Python
2153,2022,2022_888,Python
2154,2022,2022_891,Python
2155,2022,2022_892,Python
2156,2022,2022_893,Python
2157,2022,2022_895,Python
2158,2022,2022_896,Python
2159,2022,2022_897,Python
2160,2022,2022_898,Python
2161,2022,2022_899,Python
2162,2022,2022_900,Python
2163,2022,2022_901,Python
2164,2022,2022_903,Python
2165,2022,2022_904,Python
2166,2022,2022_905,Python
2167,2022,2022_907,Python
2168,2022,2022_908,Python
2169,2022,2022_910,Python
2170,2022,2022_911,Python
2171,2022,2022_912,Python
2172,2022,2022_913,Python
2173,2022,2022_914,Python
2174,2022,2022_915,Python
2175,2022,2022_917,Python
2176,2022,2022_918,Python
2177,2022,2022_919,Python
2178,2022,2022_921,Python
2179,2022,2022_922,Python
2180,2022,2022_923,Python
2181,2022,2022_924,Python
2182,2022,2022_927,Python
2183,2022,2022_928,Python
2184,2022,2022_929,Python
2185,2022,2022_930,Python
2186,2022,2022_931,Python
2187,2022,2022_933,Python
2188,2022,2022_934,Python
2189,2022,2022_935,Python
2190,2022,2022_936,Python
2191,2022,2022_938,Python
2192,2022,2022_939,Python
2193,2022,2022_941,Python
2194,2022,2022_943,Python
2195,2022,2022_944,Python
2196,2022,2022_945,Python
2197,2022,2022_946,Python
2198,2022,2022_947,Python
2199,2022,2022_950,Python
2200,2022,2022_953,Python
2201,2022,2022_954,Python
2202,2022,2022_955,Python
2203,2022,2022_956,Python
2204,2022,2022_957,Python
2205,2022,2022_958,Python
2206,2022,2022_959,Python
2207,2022,2022_960,Python
2208,2022,2022_963,Python
2209,2022,2022_965,Python
2210,2022,2022_966,Python
2211,2022,2022_967,Python
2212,2022,2022_968,Python
2213,2022,2022_971,Python
2214,2022,2022_973,Python
2215,2022,2022_974,Python
2216,2022,2022_975,Python
2217,2022,2022_976,Python
2218,2022,2022_978,Python
2219,2022,2022_979,Python
2220,2022,2022_980,Python
2221,2022,2022_981,Python
2222,2022,2022_983,Python
2223,2022,2022_984,Python
2224,2022,2022_985,Python
2225,2022,2022_987,Python
2226,2022,2022_988,Python
2227,2022,2022_992,Python
2228,2022,2022_993,Python
2229,2022,2022_994,Python
2230,2022,2022_996,Python
2231,2022,2022_997,Python
2232,2022,2022_998,Python
2233,2022,2022_999,Python
2234,2022,2022_1000,Python
2235,2022,2022_1001,Python
2236,2022,2022_1002,Python
2237,2022,2022_2,R
2238,2022,2022_5,R
2239,2022,2022_8,R
2240,2022,2022_9,R
2241,2022,2022_12,R
2242,2022,2022_18,R
2243,2022,2022_19,R
2244,2022,2022_21,R
2245,2022,2022_28,R
2246,2022,2022_29,R
2247,2022,2022_35,R
2248,2022,2022_44,R
2249,2022,2022_49,R
2250,2022,2022_57,R
2251,2022,2022_65,R
2252,2022,2022_67,R
2253,2022,2022_70,R
2254,2022,2022_71,R
2255,2022,2022_72,R
2256,2022,2022_74,R
2257,2022,2022_77,R
2258,2022,2022_80,R
2259,2022,2022_81,R
2260,2022,2022_83,R
2261,2022,2022_87,R
2262,2022,2022_88,R
2263,2022,2022_91,R
2264,2022,2022_92,R
2265,2022,2022_97,R
2266,2022,2022_103,R
2267,2022,2022_106,R
2268,2022,2022_108,R
2269,2022,2022_111,R
2270,2022,2022_118,R
2271,2022,2022_121,R
2272,2022,2022_123,R
2273,2022,2022_137,R
2274,2022,2022_138,R
2275,2022,2022_139,R
2276,2022,2022_154,R
2277,2022,2022_158,R
2278,2022,2022_162,R
2279,2022,2022_175,R
2280,2022,2022_179,R
2281,2022,2022_185,R
2282,2022,2022_190,R
2283,2022,2022_191,R
2284,2022,2022_202,R
2285,2022,2022_203,R
2286,2022,2022_204,R
2287,2022,2022_206,R
2288,2022,2022_211,R
2289,2022,2022_217,R
2290,2022,2022_220,R
2291,2022,2022_228,R
2292,2022,2022_229,R
2293,2022,2022_235,R
2294,2022,2022_236,R
2295,2022,2022_240,R
2296,2022,2022_260,R
2297,2022,2022_268,R
2298,2022,2022_273,R
2299,2022,2022_274,R
2300,2022,2022_276,R
2301,2022,2022_277,R
2302,2022,2022_282,R
2303,2022,2022_290,R
2304,2022,2022_291,R
2305,2022,2022_294,R
2306,2022,2022_296,R
2307,2022,2022_299,R
2308,2022,2022_305,R
2309,2022,2022_313,R
2310,2022,2022_316,R
2311,2022,2022_320,R
2312,2022,2022_340,R
2313,2022,2022_341,R
2314,2022,2022_342,R
2315,2022,2022_352,R
2316,2022,2022_353,R
2317,2022,2022_356,R
2318,2022,2022_361,R
2319,2022,2022_363,R
2320,2022,2022_371,R
2321,2022,2022_372,R
2322,2022,2022_378,R
2323,2022,2022_383,R
2324,2022,2022_392,R
2325,2022,2022_394,R
2326,2022,2022_396,R
2327,2022,2022_397,R
2328,2022,2022_405,R
2329,2022,2022_406,R
2330,2022,2022_410,R
2331,2022,2022_415,R
2332,2022,2022_418,R
2333,2022,2022_420,R
2334,2022,2022_421,R
2335,2022,2022_424,R
2336,2022,2022_426,R
2337,2022,2022_429,R
2338,2022,2022_431,R
2339,2022,2022_433,R
2340,2022,2022_441,R
2341,2022,2022_446,R
2342,2022,2022_450,R
2343,2022,2022_453,R
2344,2022,2022_459,R
2345,2022,2022_461,R
2346,2022,2022_463,R
2347,2022,2022_468,R
2348,2022,2022_472,R
2349,2022,2022_478,R
2350,2022,2022_481,R
2351,2022,2022_483,R
2352,2022,2022_484,R
2353,2022,2022_486,R
2354,2022,2022_487,R
2355,2022,2022_490,R
2356,2022,2022_494,R
2357,2022,2022_498,R
2358,2022,2022_499,R
2359,2022,2022_501,R
2360,2022,2022_503,R
2361,2022,2022_504,R
2362,2022,2022_505,R
2363,2022,2022_511,R
2364,2022,2022_514,R
2365,2022,2022_516,R
2366,2022,2022_519,R
2367,2022,2022_523,R
2368,2022,2022_530,R
2369,2022,2022_531,R
2370,2022,2022_538,R
2371,2022,2022_539,R
2372,2022,2022_540,R
2373,2022,2022_545,R
2374,2022,2022_546,R
2375,2022,2022_556,R
2376,2022,2022_562,R
2377,2022,2022_564,R
2378,2022,2022_568,R
2379,2022,2022_576,R
2380,2022,2022_578,R
2381,2022,2022_582,R
2382,2022,2022_588,R
2383,2022,2022_589,R
2384,2022,2022_599,R
2385,2022,2022_607,R
2386,2022,2022_609,R
2387,2022,2022_610,R
2388,2022,2022_616,R
2389,2022,2022_617,R
2390,2022,2022_618,R
2391,2022,2022_620,R
2392,2022,2022_621,R
2393,2022,2022_624,R
2394,2022,2022_625,R
2395,2022,2022_626,R
2396,2022,2022_627,R
2397,2022,2022_629,R
2398,2022,2022_634,R
2399,2022,2022_635,R
2400,2022,2022_637,R
2401,2022,2022_659,R
2402,2022,2022_660,R
2403,2022,2022_670,R
2404,2022,2022_677,R
2405,2022,2022_678,R
2406,2022,2022_682,R
2407,2022,2022_683,R
2408,2022,2022_687,R
2409,2022,2022_688,R
2410,2022,2022_692,R
2411,2022,2022_693,R
2412,2022,2022_697,R
2413,2022,2022_703,R
2414,2022,2022_706,R
2415,2022,2022_708,R
2416,2022,2022_709,R
2417,2022,2022_713,R
2418,2022,2022_714,R
2419,2022,2022_717,R
2420,2022,2022_723,R
2421,2022,2022_727,R
2422,2022,2022_729,R
2423,2022,2022_730,R
2424,2022,2022_733,R
2425,2022,2022_738,R
2426,2022,2022_739,R
2427,2022,2022_746,R
2428,2022,2022_747,R
2429,2022,2022_752,R
2430,2022,2022_758,R
2431,2022,2022_759,R
2432,2022,2022_761,R
2433,2022,2022_763,R
2434,2022,2022_765,R
2435,2022,2022_768,R
2436,2022,2022_771,R
2437,2022,2022_772,R
2438,2022,2022_773,R
2439,2022,2022_781,R
2440,2022,2022_786,R
2441,2022,2022_787,R
2442,2022,2022_788,R
2443,2022,2022_791,R
2444,2022,2022_799,R
2445,2022,2022_801,R
2446,2022,2022_802,R
2447,2022,2022_805,R
2448,2022,2022_807,R
2449,2022,2022_808,R
2450,2022,2022_809,R
2451,2022,2022_812,R
2452,2022,2022_816,R
2453,2022,2022_817,R
2454,2022,2022_822,R
2455,2022,2022_823,R
2456,2022,2022_825,R
2457,2022,2022_832,R
2458,2022,2022_833,R
2459,2022,2022_836,R
2460,2022,2022_843,R
2461,2022,2022_849,R
2462,2022,2022_850,R
2463,2022,2022_856,R
2464,2022,2022_861,R
2465,2022,2022_863,R
2466,2022,2022_864,R
2467,2022,2022_866,R
2468,2022,2022_869,R
2469,2022,2022_873,R
2470,2022,2022_879,R
2471,2022,2022_880,R
2472,2022,2022_881,R
2473,2022,2022_882,R
2474,2022,2022_888,R
2475,2022,2022_894,R
2476,2022,2022_895,R
2477,2022,2022_899,R
2478,2022,2022_905,R
2479,2022,2022_906,R
2480,2022,2022_910,R
2481,2022,2022_911,R
2482,2022,2022_912,R
2483,2022,2022_915,R
2484,2022,2022_918,R
2485,2022,2022_919,R
2486,2022,2022_921,R
2487,2022,2022_922,R
2488,2022,2022_929,R
2489,2022,2022_931,R
2490,2022,2022_933,R
2491,2022,2022_937,R
2492,2022,2022_938,R
2493,2022,2022_940,R
2494,2022,2022_946,R
2495,2022,2022_955,R
2496,2022,2022_956,R
2497,2022,2022_959,R
2498,2022,2022_962,R
2499,2022,2022_963,R
2500,2022,2022_969,R
2501,2022,2022_971,R
2502,2022,2022_972,R
2503,2022,2022_979,R
2504,2022,2022_981,R
2505,2022,2022_991,R
2506,2022,2022_22,Ruby
2507,2022,2022_53,Ruby
2508,2022,2022_95,Ruby
2509,2022,2022_142,Ruby
2510,2022,2022_196,Ruby
2511,2022,2022_220,Ruby
2512,2022,2022_378,Ruby
2513,2022,2022_394,Ruby
2514,2022,2022_415,Ruby
2515,2022,2022_444,Ruby
2516,2022,2022_463,Ruby
2517,2022,2022_473,Ruby
2518,2022,2022_498,Ruby
2519,2022,2022_544,Ruby
2520,2022,2022_556,Ruby
2521,2022,2022_578,Ruby
2522,2022,2022_645,Ruby
2523,2022,2022_684,Ruby
2524,2022,2022_772,Ruby
2525,2022,2022_825,Ruby
2526,2022,2022_831,Ruby
2527,2022,2022_832,Ruby
2528,2022,2022_849,Ruby
2529,2022,2022_891,Ruby
2530,2022,2022_933,Ruby
2531,2022,2022_953,Ruby
2532,2022,2022_956,Ruby
2533,2022,2022_965,Ruby
2534,2022,2022_970,Ruby
2535,2022,2022_1,Rust
2536,2022,2022_25,Rust
2537,2022,2022_71,Rust
2538,2022,2022_77,Rust
2539,2022,2022_137,Rust
2540,2022,2022_138,Rust
2541,2022,2022_162,Rust
2542,2022,2022_210,Rust
2543,2022,2022_213,Rust
2544,2022,2022_290,Rust
2545,2022,2022_299,Rust
2546,2022,2022_382,Rust
2547,2022,2022_420,Rust
2548,2022,2022_429,Rust
2549,2022,2022_452,Rust
2550,2022,2022_504,Rust
2551,2022,2022_516,Rust
2552,2022,2022_709,Rust
2553,2022,2022_730,Rust
2554,2022,2022_800,Rust
2555,2022,2022_808,Rust
2556,2022,2022_824,Rust
2557,2022,2022_849,Rust
2558,2022,2022_856,Rust
2559,2022,2022_867,Rust
2560,2022,2022_938,Rust
2561,2022,2022_950,Rust
2562,2022,2022_14,Scala
2563,2022,2022_221,Scala
2564,2022,2022_296,Scala
2565,2022,2022_363,Scala
2566,2022,2022_530,Scala
2567,2022,2022_579,Scala
2568,2022,2022_642,Scala
2569,2022,2022_669,Scala
2570,2022,2022_736,Scala
2571,2022,2022_799,Scala
2572,2022,2022_848,Scala
2573,2022,2022_929,Scala
2574,2022,2022_996,Scala
2575,2022,2022_998,Scala
2576,2022,2022_5,SQL
2577,2022,2022_6,SQL
2578,2022,2022_10,SQL
2579,2022,2022_19,SQL
2580,2022,2022_22,SQL
2581,2022,2022_26,SQL
2582,2022,2022_28,SQL
2583,2022,2022_29,SQL
2584,2022,2022_30,SQL
2585,2022,2022_33,SQL
2586,2022,2022_35,SQL
2587,2022,2022_38,SQL
2588,2022,2022_44,SQL
2589,2022,2022_47,SQL
2590,2022,2022_48,SQL
2591,2022,2022_49,SQL
2592,2022,2022_53,SQL
2593,2022,2022_62,SQL
2594,2022,2022_65,SQL
2595,2022,2022_67,SQL
2596,2022,2022_75,SQL
2597,2022,2022_77,SQL
2598,2022,2022_79,SQL
2599,2022,2022_80,SQL
2600,2022,2022_81,SQL
2601,2022,2022_90,SQL
2602,2022,2022_92,SQL
2603,2022,2022_93,SQL
2604,2022,2022_104,SQL
2605,2022,2022_108,SQL
2606,2022,2022_122,SQL
2607,2022,2022_129,SQL
2608,2022,2022_132,SQL
2609,2022,2022_135,SQL
2610,2022,2022_141,SQL
2611,2022,2022_142,SQL
2612,2022,2022_143,SQL
2613,2022,2022_144,SQL
2614,2022,2022_145,SQL
2615,2022,2022_146,SQL
2616,2022,2022_156,SQL
2617,2022,2022_158,SQL
2618,2022,2022_169,SQL
2619,2022,2022_170,SQL
2620,2022,2022_185,SQL
2621,2022,2022_196,SQL
2622,2022,2022_204,SQL
2623,2022,2022_206,SQL
2624,2022,2022_209,SQL
2625,2022,2022_214,SQL
2626,2022,2022_217,SQL
2627,2022,2022_221,SQL
2628,2022,2022_228,SQL
2629,2022,2022_229,SQL
2630,2022,2022_240,SQL
2631,2022,2022_263,SQL
2632,2022,2022_271,SQL
2633,2022,2022_272,SQL
2634,2022,2022_273,SQL
2635,2022,2022_274,SQL
2636,2022,2022_276,SQL
2637,2022,2022_287,SQL
2638,2022,2022_289,SQL
2639,2022,2022_294,SQL
2640,2022,2022_299,SQL
2641,2022,2022_321,SQL
2642,2022,2022_325,SQL
2643,2022,2022_330,SQL
2644,2022,2022_338,SQL
2645,2022,2022_341,SQL
2646,2022,2022_342,SQL
2647,2022,2022_355,SQL
2648,2022,2022_359,SQL
2649,2022,2022_361,SQL
2650,2022,2022_372,SQL
2651,2022,2022_376,SQL
2652,2022,2022_378,SQL
2653,2022,2022_385,SQL
2654,2022,2022_387,SQL
2655,2022,2022_394,SQL
2656,2022,2022_397,SQL
2657,2022,2022_405,SQL
2658,2022,2022_406,SQL
2659,2022,2022_415,SQL
2660,2022,2022_418,SQL
2661,2022,2022_436,SQL
2662,2022,2022_437,SQL
2663,2022,2022_448,SQL
2664,2022,2022_456,SQL
2665,2022,2022_463,SQL
2666,2022,2022_466,SQL
2667,2022,2022_468,SQL
2668,2022,2022_473,SQL
2669,2022,2022_474,SQL
2670,2022,2022_475,SQL
2671,2022,2022_481,SQL
2672,2022,2022_483,SQL
2673,2022,2022_487,SQL
2674,2022,2022_498,SQL
2675,2022,2022_499,SQL
2676,2022,2022_503,SQL
2677,2022,2022_504,SQL
2678,2022,2022_505,SQL
2679,2022,2022_527,SQL
2680,2022,2022_529,SQL
2681,2022,2022_540,SQL
2682,2022,2022_545,SQL
2683,2022,2022_546,SQL
2684,2022,2022_549,SQL
2685,2022,2022_556,SQL
2686,2022,2022_557,SQL
2687,2022,2022_562,SQL
2688,2022,2022_569,SQL
2689,2022,2022_570,SQL
2690,2022,2022_577,SQL
2691,2022,2022_578,SQL
2692,2022,2022_579,SQL
2693,2022,2022_581,SQL
2694,2022,2022_585,SQL
2695,2022,2022_593,SQL
2696,2022,2022_599,SQL
2697,2022,2022_617,SQL
2698,2022,2022_618,SQL
2699,2022,2022_621,SQL
2700,2022,2022_624,SQL
2701,2022,2022_625,SQL
2702,2022,2022_627,SQL
2703,2022,2022_634,SQL
2704,2022,2022_642,SQL
2705,2022,2022_643,SQL
2706,2022,2022_644,SQL
2707,2022,2022_647,SQL
2708,2022,2022_658,SQL
2709,2022,2022_662,SQL
2710,2022,2022_672,SQL
2711,2022,2022_677,SQL
2712,2022,2022_681,SQL
2713,2022,2022_684,SQL
2714,2022,2022_688,SQL
2715,2022,2022_689,SQL
2716,2022,2022_691,SQL
2717,2022,2022_704,SQL
2718,2022,2022_710,SQL
2719,2022,2022_712,SQL
2720,2022,2022_713,SQL
2721,2022,2022_723,SQL
2722,2022,2022_738,SQL
2723,2022,2022_739,SQL
2724,2022,2022_740,SQL
2725,2022,2022_743,SQL
2726,2022,2022_751,SQL
2727,2022,2022_759,SQL
2728,2022,2022_761,SQL
2729,2022,2022_769,SQL
2730,2022,2022_772,SQL
2731,2022,2022_773,SQL
2732,2022,2022_784,SQL
2733,2022,2022_785,SQL
2734,2022,2022_786,SQL
2735,2022,2022_790,SQL
2736,2022,2022_791,SQL
2737,2022,2022_793,SQL
2738,2022,2022_794,SQL
2739,2022,2022_796,SQL
2740,2022,2022_799,SQL
2741,2022,2022_801,SQL
2742,2022,2022_802,SQL
2743,2022,2022_807,SQL
2744,2022,2022_817,SQL
2745,2022,2022_823,SQL
2746,2022,2022_825,SQL
2747,2022,2022_831,SQL
2748,2022,2022_833,SQL
2749,2022,2022_836,SQL
2750,2022,2022_848,SQL
2751,2022,2022_849,SQL
2752,2022,2022_856,SQL
2753,2022,2022_864,SQL
2754,2022,2022_866,SQL
2755,2022,2022_869,SQL
2756,2022,2022_872,SQL
2757,2022,2022_874,SQL
2758,2022,2022_880,SQL
2759,2022,2022_881,SQL
2760,2022,2022_887,SQL
2761,2022,2022_890,SQL
2762,2022,2022_897,SQL
2763,2022,2022_899,SQL
2764,2022,2022_901,SQL
2765,2022,2022_903,SQL
2766,2022,2022_904,SQL
2767,2022,2022_906,SQL
2768,2022,2022_915,SQL
2769,2022,2022_918,SQL
2770,2022,2022_921,SQL
2771,2022,2022_927,SQL
2772,2022,2022_928,SQL
2773,2022,2022_931,SQL
2774,2022,2022_933,SQL
2775,2022,2022_937,SQL
2776,2022,2022_940,SQL
2777,2022,2022_945,SQL
2778,2022,2022_946,SQL
2779,2022,2022_947,SQL
2780,2022,2022_954,SQL
2781,2022,2022_955,SQL
2782,2022,2022_957,SQL
2783,2022,2022_959,SQL
2784,2022,2022_960,SQL
2785,2022,2022_962,SQL
2786,2022,2022_963,SQL
2787,2022,2022_966,SQL
2788,2022,2022_969,SQL
2789,2022,2022_974,SQL
2790,2022,2022_977,SQL
2791,2022,2022_979,SQL
2792,2022,2022_981,SQL
2793,2022,2022_983,SQL
2794,2022,2022_993,SQL
2795,2022,2022_1002,SQL
2796,2022,2022_22,Swift
2797,2022,2022_141,Swift
2798,2022,2022_312,Swift
2799,2022,2022_499,Swift
2800,2022,2022_505,Swift
2801,2022,2022_515,Swift
2802,2022,2022_956,Swift
2803,2022,2022_1,TypeScript
2804,2022,2022_2,TypeScript
2805,2022,2022_14,TypeScript
2806,2022,2022_22,TypeScript
2807,2022,2022_28,TypeScript
2808,2022,2022_72,TypeScript
2809,2022,2022_77,TypeScript
2810,2022,2022_81,TypeScript
2811,2022,2022_108,TypeScript
2812,2022,2022_128,TypeScript
2813,2022,2022_142,TypeScript
2814,2022,2022_158,TypeScript
2815,2022,2022_167,TypeScript
2816,2022,2022_206,TypeScript
2817,2022,2022_228,TypeScript
2818,2022,2022_240,TypeScript
2819,2022,2022_255,TypeScript
2820,2022,2022_265,TypeScript
2821,2022,2022_287,TypeScript
2822,2022,2022_341,TypeScript
2823,2022,2022_359,TypeScript
2824,2022,2022_378,TypeScript
2825,2022,2022_382,TypeScript
2826,2022,2022_394,TypeScript
2827,2022,2022_395,TypeScript
2828,2022,2022_415,TypeScript
2829,2022,2022_468,TypeScript
2830,2022,2022_475,TypeScript
2831,2022,2022_481,TypeScript
2832,2022,2022_498,TypeScript
2833,2022,2022_504,TypeScript
2834,2022,2022_505,TypeScript
2835,2022,2022_514,TypeScript
2836,2022,2022_529,TypeScript
2837,2022,2022_559,TypeScript
2838,2022,2022_562,TypeScript
2839,2022,2022_621,TypeScript
2840,2022,2022_625,TypeScript
2841,2022,2022_633,TypeScript
2842,2022,2022_643,TypeScript
2843,2022,2022_645,TypeScript
2844,2022,2022_651,TypeScript
2845,2022,2022_684,TypeScript
2846,2022,2022_688,TypeScript
2847,2022,2022_703,TypeScript
2848,2022,2022_731,TypeScript
2849,2022,2022_763,TypeScript
2850,2022,2022_769,TypeScript
2851,2022,2022_806,TypeScript
2852,2022,2022_825,TypeScript
2853,2022,2022_848,TypeScript
2854,2022,2022_879,TypeScript
2855,2022,2022_884,TypeScript
2856,2022,2022_893,TypeScript
2857,2022,2022_901,TypeScript
2858,2022,2022_904,TypeScript
2859,2022,2022_925,TypeScript
2860,2022,2022_928,TypeScript
2861,2022,2022_945,TypeScript
2862,2022,2022_956,TypeScript
2863,2022,2022_959,TypeScript
2864,2022,2022_960,TypeScript
2865,2022,2022_962,TypeScript
2866,2022,2022_19,
2867,2022,2022_65,
2868,2022,2022_289,
2869,2022,2022_314,
2870,2022,2022_786,
2871,2022,2022_912,
2872,2022,2022_111,VBA
2873,2022,2022_153,VBA
2874,2022,2022_289,VBA
2875,2022,2022_299,VBA
2876,2022,2022_713,VBA
2877,2022,2022_738,VBA
2878,2022,2022_761,VBA
2879,2022,2022_786,VBA
2880,2022,2022_849,VBA
2881,2022,2022_19,Visual Basic
2882,2022,2022_461,Visual Basic
2883,2022,2022_640,Visual Basic
2884,2022,2022_665,Visual Basic
2885,2022,2022_738,Visual Basic
2886,2022,2022_786,Visual Basic
2887,2022,2022_1,Other
2888,2022,2022_13,Other
2889,2022,2022_19,Other
2890,2022,2022_47,Other
2891,2022,2022_55,Other
2892,2022,2022_56,Other
2893,2022,2022_73,Other
2894,2022,2022_84,Other
2895,2022,2022_93,Other
2896,2022,2022_94,Other
2897,2022,2022_97,Other
2898,2022,2022_107,Other
2899,2022,2022_122,Other
2900,2022,2022_137,Other
2901,2022,2022_142,Other
2902,2022,2022_143,Other
2903,2022,2022_156,Other
2904,2022,2022_169,Other
2905,2022,2022_170,Other
2906,2022,2022_185,Other
2907,2022,2022_190,Other
2908,2022,2022_192,Other
2909,2022,2022_193,Other
2910,2022,2022_214,Other
2911,2022,2022_220,Other
2912,2022,2022_258,Other
2913,2022,2022_268,Other
2914,2022,2022_280,Other
2915,2022,2022_285,Other
2916,2022,2022_295,Other
2917,2022,2022_299,Other
2918,2022,2022_307,Other
2919,2022,2022_313,Other
2920,2022,2022_320,Other
2921,2022,2022_325,Other
2922,2022,2022_333,Other
2923,2022,2022_343,Other
2924,2022,2022_348,Other
2925,2022,2022_363,Other
2926,2022,2022_367,Other
2927,2022,2022_404,Other
2928,2022,2022_412,Other
2929,2022,2022_414,Other
2930,2022,2022_420,Other
2931,2022,2022_423,Other
2932,2022,2022_426,Other
2933,2022,2022_433,Other
2934,2022,2022_442,Other
2935,2022,2022_446,Other
2936,2022,2022_449,Other
2937,2022,2022_466,Other
2938,2022,2022_469,Other
2939,2022,2022_474,Other
2940,2022,2022_495,Other
2941,2022,2022_498,Other
2942,2022,2022_499,Other
2943,2022,2022_504,Other
2944,2022,2022_514,Other
2945,2022,2022_523,Other
2946,2022,2022_530,Other
2947,2022,2022_531,Other
2948,2022,2022_535,Other
2949,2022,2022_539,Other
2950,2022,2022_540,Other
2951,2022,2022_542,Other
2952,2022,2022_555,Other
2953,2022,2022_594,Other
2954,2022,2022_604,Other
2955,2022,2022_621,Other
2956,2022,2022_633,Other
2957,2022,2022_638,Other
2958,2022,2022_639,Other
2959,2022,2022_642,Other
2960,2022,2022_652,Other
2961,2022,2022_660,Other
2962,2022,2022_662,Other
2963,2022,2022_665,Other
2964,2022,2022_677,Other
2965,2022,2022_679,Other
2966,2022,2022_680,Other
2967,2022,2022_681,Other
2968,2022,2022_702,Other
2969,2022,2022_706,Other
2970,2022,2022_708,Other
2971,2022,2022_711,Other
2972,2022,2022_714,Other
2973,2022,2022_717,Other
2974,2022,2022_724,Other
2975,2022,2022_749,Other
2976,2022,2022_761,Other
2977,2022,2022_769,Other
2978,2022,2022_800,Other
2979,2022,2022_809,Other
2980,2022,2022_814,Other
2981,2022,2022_816,Other
2982,2022,2022_841,Other
2983,2022,2022_858,Other
2984,2022,2022_884,Other
2985,2022,2022_894,Other
2986,2022,2022_896,Other
2987,2022,2022_911,Other
2988,2022,2022_914,Other
2989,2022,2022_917,Other
2990,2022,2022_918,Other
2991,2022,2022_924,Other
2992,2022,2022_933,Other
2993,2022,2022_935,Other
2994,2022,2022_943,Other
2995,2022,2022_955,Other
2996,2022,2022_969,Other
2997,2022,2022_981,Other
